SubmissionDate,initialise-date_collected,initialise-collector,initialise-barcode,initialise-household-id,initialise-collect_bool,end_note,meta-instanceID,KEY,SubmitterID,SubmitterName,AttachmentsPresent,AttachmentsExpected,Status,ReviewState,DeviceID,Edits
2025-03-12T07:31:00.815Z,2025-03-12T00:00:00.000+03:00,alphonse_omondi,000282,A1-10-6 -Out,no,,uuid:f78a8f1a-deea-4491-ad10-af321a49b66b,uuid:f78a8f1a-deea-4491-ad10-af321a49b66b,519,ckmr-team-member,0,0,,,collect:Fb2Iw2jh93cwJatm
2025-03-12T07:29:38.785Z,2025-03-12T00:00:00.000+03:00,calvince_walloh,000296,C2-10-2-Out,no,,uuid:e5fd9f62-979f-4d54-952e-1905b6a6c956,uuid:e5fd9f62-979f-4d54-952e-1905b6a6c956,519,ckmr-team-member,0,0,,,collect:kcC8bfCjw04TiIMa
2025-03-12T07:28:57.919Z,2025-03-12T00:00:00.000+03:00,victoria_nguyai,000283,A1-10-6-In,yes,,uuid:5fdc7521-9884-4a7b-99f2-887d7e6d3e49,uuid:5fdc7521-9884-4a7b-99f2-887d7e6d3e49,519,ckmr-team-member,0,0,,,collect:kcC8bfCjw04TiIMa
2025-03-12T07:26:33.062Z,2025-03-12T00:00:00.000+03:00,stephen_owino,000301,J2-10-5-In,yes,,uuid:adac4ce8-5123-4a05-915d-7b73729b1201,uuid:adac4ce8-5123-4a05-915d-7b73729b1201,519,ckmr-team-member,0,0,,,collect:Fb2Iw2jh93cwJatm
2025-03-12T07:25:00.214Z,2025-03-12T00:00:00.000+03:00,calvince_walloh,000302,J2-10-5-Out,yes,,uuid:a9972f40-2925-4cd5-b332-e7bc91752901,uuid:a9972f40-2925-4cd5-b332-e7bc91752901,519,ckmr-team-member,0,0,,,collect:kcC8bfCjw04TiIMa
2025-03-12T07:23:58.682Z,2025-03-12T00:00:00.000+03:00,stephen_owino,000307,S3-10-2-In,no,,uuid:27dcd8a8-595e-4d66-afd6-a6f1715eb159,uuid:27dcd8a8-595e-4d66-afd6-a6f1715eb159,519,ckmr-team-member,0,0,,,collect:Fb2Iw2jh93cwJatm
2025-03-12T07:22:57.017Z,2025-03-12T00:00:00.000+03:00,stephen_owino,000298,J2-10-3-Out,no,,uuid:a5a3b6bc-8a0d-45b7-beed-194d5f1a67db,uuid:a5a3b6bc-8a0d-45b7-beed-194d5f1a67db,519,ckmr-team-member,0,0,,,collect:Fb2Iw2jh93cwJatm
2025-03-12T07:22:03.939Z,2025-03-12T00:00:00.000+03:00,stephen_owino,000295,C2-10-2-In,yes,,uuid:e808ce7a-3e7c-426d-8fed-1421c0eb7ac3,uuid:e808ce7a-3e7c-426d-8fed-1421c0eb7ac3,519,ckmr-team-member,0,0,,,collect:Fb2Iw2jh93cwJatm
2025-03-12T07:21:25.285Z,2025-03-12T00:00:00.000+03:00,victoria_nguyai,000297,J2-10-3-In,no,,uuid:dfe9be52-4c03-4756-ae59-cfd338d80093,uuid:dfe9be52-4c03-4756-ae59-cfd338d80093,519,ckmr-team-member,0,0,,,collect:kcC8bfCjw04TiIMa
2025-03-12T07:20:54.143Z,2025-03-12T00:00:00.000+03:00,calvince_walloh,000305,S3-10-1-In,yes,,uuid:1f940695-b5ba-4383-90d0-64482ee8c975,uuid:1f940695-b5ba-4383-90d0-64482ee8c975,519,ckmr-team-member,0,0,,,collect:kcC8bfCjw04TiIMa
2025-03-12T07:20:41.950Z,2025-03-12T00:00:00.000+03:00,stephen_owino,000309,S3-10-3-In,yes,,uuid:4a7abd50-f595-4250-a093-93a9d9917513,uuid:4a7abd50-f595-4250-a093-93a9d9917513,519,ckmr-team-member,0,0,,,collect:Fb2Iw2jh93cwJatm
2025-03-12T07:18:22.723Z,2025-03-12T00:00:00.000+03:00,stephen_owino,000292,A1-10-1-In,yes,,uuid:d83c32fd-95e0-45a8-b673-fe64a169ae60,uuid:d83c32fd-95e0-45a8-b673-fe64a169ae60,519,ckmr-team-member,0,0,,,collect:Fb2Iw2jh93cwJatm
2025-03-12T07:17:07.037Z,2025-03-12T00:00:00.000+03:00,alphonse_omondi,000311,S3-10-4-in,no,,uuid:eb7c19e1-4840-41a4-8ef4-ee7d53622393,uuid:eb7c19e1-4840-41a4-8ef4-ee7d53622393,519,ckmr-team-member,0,0,,,collect:tny35BpAWyt5yEb0
2025-03-12T07:16:22.560Z,2025-03-12T00:00:00.000+03:00,alphonse_omondi,000288,A1-10-3-in,no,,uuid:678b193d-15ff-44b8-a783-d37c652cf7f5,uuid:678b193d-15ff-44b8-a783-d37c652cf7f5,519,ckmr-team-member,0,0,,,collect:tny35BpAWyt5yEb0
2025-03-12T07:15:26.832Z,2025-03-12T00:00:00.000+03:00,alphonse_omondi,000299,C2-10-4-in,yes,,uuid:f4ffb628-bf32-49ee-9b08-5308f8e7369a,uuid:f4ffb628-bf32-49ee-9b08-5308f8e7369a,519,ckmr-team-member,0,0,,,collect:tny35BpAWyt5yEb0
2025-03-12T07:14:14.985Z,2025-03-12T00:00:00.000+03:00,alphonse_omondi,000291,A1-10-1-out,no,,uuid:d404a272-63bb-4b80-876c-c11c0a9c6cf7,uuid:d404a272-63bb-4b80-876c-c11c0a9c6cf7,519,ckmr-team-member,0,0,,,collect:tny35BpAWyt5yEb0
2025-03-12T07:13:22.046Z,2025-03-12T00:00:00.000+03:00,alphonse_omondi,000293,C2-10-1-in,yes,,uuid:4562e1cb-0657-4eea-97bd-d01d71858d05,uuid:4562e1cb-0657-4eea-97bd-d01d71858d05,519,ckmr-team-member,0,0,,,collect:tny35BpAWyt5yEb0
2025-03-12T07:08:25.001Z,2025-03-12T00:00:00.000+03:00,stephen_owino,000290,A1-10-2-Out,no,,uuid:1bfa360b-fdce-4a4c-9d2b-960aba31adba,uuid:1bfa360b-fdce-4a4c-9d2b-960aba31adba,519,ckmr-team-member,0,0,,,collect:Fb2Iw2jh93cwJatm
2025-03-12T07:07:03.015Z,2025-03-12T00:00:00.000+03:00,stephen_owino,000294,C2-10-1-Out,no,,uuid:5409ea7e-181c-4ee4-ad64-df29f8508a84,uuid:5409ea7e-181c-4ee4-ad64-df29f8508a84,519,ckmr-team-member,0,0,,,collect:Fb2Iw2jh93cwJatm
2025-03-12T07:06:05.356Z,2025-03-12T00:00:00.000+03:00,stephen_owino,000300,C2-10-4-Out,no,,uuid:30c75a08-68b9-48ad-be3e-bf43f05723bb,uuid:30c75a08-68b9-48ad-be3e-bf43f05723bb,519,ckmr-team-member,0,0,,,collect:Fb2Iw2jh93cwJatm
2025-03-12T07:04:38.574Z,2025-03-12T00:00:00.000+03:00,stephen_owino,000312,S3-10-4-Out,no,,uuid:809ccbce-d078-45f9-ad6b-19e043f0bad2,uuid:809ccbce-d078-45f9-ad6b-19e043f0bad2,519,ckmr-team-member,0,0,,,collect:Fb2Iw2jh93cwJatm
2025-03-12T07:04:12.732Z,2025-03-12T00:00:00.000+03:00,alphonse_omondi,000285,A1-10-5-out,yes,,uuid:1b220c47-1a2d-4879-b9ce-794d821890c0,uuid:1b220c47-1a2d-4879-b9ce-794d821890c0,519,ckmr-team-member,0,0,,,collect:tny35BpAWyt5yEb0
2025-03-12T07:03:53.202Z,2025-03-12T00:00:00.000+03:00,stephen_owino,000310,S3-10-3-Out,no,,uuid:4597e989-e426-4110-9515-9e4fe5ab0fc1,uuid:4597e989-e426-4110-9515-9e4fe5ab0fc1,519,ckmr-team-member,0,0,,,collect:Fb2Iw2jh93cwJatm
2025-03-12T07:02:29.728Z,2025-03-12T00:00:00.000+03:00,alphonse_omondi,000287,A1-10-4-in,yes,,uuid:1964449b-c8db-4635-af4f-b7abb579f042,uuid:1964449b-c8db-4635-af4f-b7abb579f042,519,ckmr-team-member,0,0,,,collect:tny35BpAWyt5yEb0
2025-03-12T07:02:19.508Z,2025-03-12T00:00:00.000+03:00,victoria_nguyai,000306,S3-10-1-OUT,no,,uuid:38ca7cda-3a0f-4115-b22c-12daa7b0db36,uuid:38ca7cda-3a0f-4115-b22c-12daa7b0db36,519,ckmr-team-member,0,0,,,collect:kcC8bfCjw04TiIMa
2025-03-12T07:02:08.903Z,2025-03-12T00:00:00.000+03:00,stephen_owino,000308,S3-10-2-Out,no,,uuid:5c2f6266-e238-4401-9f85-5aaae36a2f0e,uuid:5c2f6266-e238-4401-9f85-5aaae36a2f0e,519,ckmr-team-member,0,0,,,collect:Fb2Iw2jh93cwJatm
2025-03-12T07:00:53.004Z,2025-03-12T00:00:00.000+03:00,stephen_owino,000280,A1-10-3-Out,yes,,uuid:a44ca7ac-039f-432e-91c7-cd70354964c0,uuid:a44ca7ac-039f-432e-91c7-cd70354964c0,519,ckmr-team-member,0,0,,,collect:Fb2Iw2jh93cwJatm
2025-03-12T07:00:49.204Z,2025-03-12T00:00:00.000+03:00,victoria_nguyai,000289,AI-10-2-IN,yes,,uuid:24377d16-fd25-41d6-b13b-1dc609f4cffc,uuid:24377d16-fd25-41d6-b13b-1dc609f4cffc,519,ckmr-team-member,0,0,,,collect:kcC8bfCjw04TiIMa
2025-03-12T06:59:28.455Z,2025-03-12T00:00:00.000+03:00,stephen_owino,000284,A1-10-5-In,yes,,uuid:477d4c6f-5276-4bc8-98b8-47e4c7d29beb,uuid:477d4c6f-5276-4bc8-98b8-47e4c7d29beb,519,ckmr-team-member,0,0,,,collect:Fb2Iw2jh93cwJatm
2025-03-12T06:56:09.170Z,2025-03-12T00:00:00.000+03:00,victoria_nguyai,000286,AI-10-4-OUT,no,,uuid:68bed03e-9765-44f8-90ec-ed55352106ae,uuid:68bed03e-9765-44f8-90ec-ed55352106ae,519,ckmr-team-member,0,0,,,collect:kcC8bfCjw04TiIMa
2025-03-11T07:39:54.593Z,2025-03-11T00:00:00.000+03:00,calvince_walloh,000254,A1-9-4-Out,yes,,uuid:0d43aa5c-395a-43e6-abf7-fad48506aa97,uuid:0d43aa5c-395a-43e6-abf7-fad48506aa97,519,ckmr-team-member,0,0,,,collect:kcC8bfCjw04TiIMa
2025-03-11T07:38:14.900Z,2025-03-11T00:00:00.000+03:00,alphonse_omondi,000274,S3-9-3-out,no,,uuid:88d79d48-1aa3-45c6-a1c6-9eab60970be4,uuid:88d79d48-1aa3-45c6-a1c6-9eab60970be4,519,ckmr-team-member,0,0,,,collect:tny35BpAWyt5yEb0
2025-03-11T07:37:43.301Z,2025-03-11T00:00:00.000+03:00,stephen_owino,000256,A1-9-1-Out,no,,uuid:5a17abe7-00c6-4fd9-9329-b37f1410725c,uuid:5a17abe7-00c6-4fd9-9329-b37f1410725c,519,ckmr-team-member,0,0,,,collect:Fb2Iw2jh93cwJatm
2025-03-11T07:37:16.840Z,2025-03-11T00:00:00.000+03:00,alphonse_omondi,000273,S3-9-4-in,no,,uuid:f9fe3855-e466-4a6a-a22b-dcfd98719ef6,uuid:f9fe3855-e466-4a6a-a22b-dcfd98719ef6,519,ckmr-team-member,0,0,,,collect:tny35BpAWyt5yEb0
2025-03-11T07:37:14.003Z,2025-03-11T00:00:00.000+03:00,calvince_walloh,000270,S3-9-5-Out,no,,uuid:39aefc62-d794-4abc-a560-7f44eaa9bbe6,uuid:39aefc62-d794-4abc-a560-7f44eaa9bbe6,519,ckmr-team-member,0,0,,,collect:kcC8bfCjw04TiIMa
2025-03-11T07:36:34.961Z,2025-03-11T00:00:00.000+03:00,stephen_owino,000248,A1-9-3-Out,no,,uuid:b4e91fd7-93d5-4a33-bb96-8db44b16b003,uuid:b4e91fd7-93d5-4a33-bb96-8db44b16b003,519,ckmr-team-member,0,0,,,collect:Fb2Iw2jh93cwJatm
2025-03-11T07:36:34.005Z,2025-03-11T00:00:00.000+03:00,alphonse_omondi,000271,S3-9-5-in,no,,uuid:c27214ee-948e-4e71-9a58-190e569265ee,uuid:c27214ee-948e-4e71-9a58-190e569265ee,519,ckmr-team-member,0,0,,,collect:tny35BpAWyt5yEb0
2025-03-11T07:35:10.078Z,2025-03-11T00:00:00.000+03:00,alphonse_omondi,000245,A1-9-1-in,no,,uuid:ee844edf-a87d-4e10-9404-12620bdf074b,uuid:ee844edf-a87d-4e10-9404-12620bdf074b,519,ckmr-team-member,0,0,,,collect:tny35BpAWyt5yEb0
2025-03-11T07:35:02.843Z,2025-03-11T00:00:00.000+03:00,stephen_owino,000246,A1-9-2-In,yes,,uuid:d6fbc669-a3fe-4094-936f-fc282cfc2b0b,uuid:d6fbc669-a3fe-4094-936f-fc282cfc2b0b,519,ckmr-team-member,0,0,,,collect:Fb2Iw2jh93cwJatm
2025-03-11T07:35:00.783Z,2025-03-11T00:00:00.000+03:00,calvince_walloh,000247,A1-9-3-In,yes,,uuid:53e8537e-3534-4e75-b97a-6dfe65c666f0,uuid:53e8537e-3534-4e75-b97a-6dfe65c666f0,519,ckmr-team-member,0,0,,,collect:kcC8bfCjw04TiIMa
2025-03-11T07:33:59.160Z,2025-03-11T00:00:00.000+03:00,alphonse_omondi,000255,A1-9-2-out,yes,,uuid:3f6d3c76-3c46-479e-8103-2361de0a63e5,uuid:3f6d3c76-3c46-479e-8103-2361de0a63e5,519,ckmr-team-member,0,0,,,collect:tny35BpAWyt5yEb0
2025-03-11T07:33:29.063Z,2025-03-11T00:00:00.000+03:00,stephen_owino,000249,A1-9-5-Out,no,,uuid:66f99cce-eb3f-4f9c-bed2-42eb27bf05d7,uuid:66f99cce-eb3f-4f9c-bed2-42eb27bf05d7,519,ckmr-team-member,0,0,,,collect:Fb2Iw2jh93cwJatm
2025-03-11T07:33:06.843Z,2025-03-11T00:00:00.000+03:00,calvince_walloh,000257,J2-9-1-In,yes,,uuid:92901d93-c359-43db-9f90-bc210aad91e9,uuid:92901d93-c359-43db-9f90-bc210aad91e9,519,ckmr-team-member,0,0,,,collect:kcC8bfCjw04TiIMa
2025-03-11T07:32:43.826Z,2025-03-11T00:00:00.000+03:00,stephen_owino,000275,S3-9-3-In,yes,,uuid:84b81824-90cb-4934-b1fd-13cc8043adb5,uuid:84b81824-90cb-4934-b1fd-13cc8043adb5,519,ckmr-team-member,0,0,,,collect:Fb2Iw2jh93cwJatm
2025-03-11T07:32:41.328Z,2025-03-11T00:00:00.000+03:00,alphonse_omondi,000251,A1-9-5-in,no,,uuid:38de1ed9-268d-4f07-8c88-cf64fe1cfd1f,uuid:38de1ed9-268d-4f07-8c88-cf64fe1cfd1f,519,ckmr-team-member,0,0,,,collect:tny35BpAWyt5yEb0
2025-03-11T07:31:48.895Z,2025-03-11T00:00:00.000+03:00,alphonse_omondi,000268,C2-9-3-in,yes,,uuid:c10a048c-945d-443a-8f29-230fcde5b4e0,uuid:c10a048c-945d-443a-8f29-230fcde5b4e0,519,ckmr-team-member,0,0,,,collect:tny35BpAWyt5yEb0
2025-03-11T07:31:31.979Z,2025-03-11T00:00:00.000+03:00,stephen_owino,000253,A1-9-4-In,yes,,uuid:112dd7a5-ac67-4135-967c-90df0857c727,uuid:112dd7a5-ac67-4135-967c-90df0857c727,519,ckmr-team-member,0,0,,,collect:Fb2Iw2jh93cwJatm
2025-03-11T07:29:35.579Z,2025-03-11T00:00:00.000+03:00,stephen_owino,000272,S3-9-4-Out,no,,uuid:6fd4bcbf-366b-42c0-a7f4-b6e5b6e678dc,uuid:6fd4bcbf-366b-42c0-a7f4-b6e5b6e678dc,519,ckmr-team-member,0,0,,,collect:Fb2Iw2jh93cwJatm
2025-03-11T07:28:58.335Z,2025-03-11T00:00:00.000+03:00,stephen_owino,000279,S3-9-1-In,yes,,uuid:664b2639-884c-479b-9789-57ea7748048d,uuid:664b2639-884c-479b-9789-57ea7748048d,519,ckmr-team-member,0,0,,,collect:Fb2Iw2jh93cwJatm
2025-03-11T07:27:49.005Z,2025-03-11T00:00:00.000+03:00,alphonse_omondi,000261,C2-9-3-in,yes,,uuid:c6ae7f38-d3e1-4228-9b23-7ac3cfa08760,uuid:c6ae7f38-d3e1-4228-9b23-7ac3cfa08760,519,ckmr-team-member,0,0,,,collect:tny35BpAWyt5yEb0
2025-03-11T07:25:12.489Z,2025-03-11T00:00:00.000+03:00,stephen_owino,000278,S3-9-1-Out,no,,uuid:49dd3ec6-0976-49cc-b8dd-b3637f98dc08,uuid:49dd3ec6-0976-49cc-b8dd-b3637f98dc08,519,ckmr-team-member,0,0,,,collect:Fb2Iw2jh93cwJatm
2025-03-11T07:24:36.306Z,2025-03-11T00:00:00.000+03:00,stephen_owino,000277,S3-9-2-In,yes,,uuid:cc010867-73cf-41ef-9dc0-e60a7557065b,uuid:cc010867-73cf-41ef-9dc0-e60a7557065b,519,ckmr-team-member,0,0,,,collect:Fb2Iw2jh93cwJatm
2025-03-11T07:23:35.011Z,2025-03-11T00:00:00.000+03:00,stephen_owino,000276,S3-9-2-Out,no,,uuid:0e672055-0c46-46dc-b3c8-46c790dd3d8f,uuid:0e672055-0c46-46dc-b3c8-46c790dd3d8f,519,ckmr-team-member,0,0,,,collect:Fb2Iw2jh93cwJatm
2025-03-11T07:23:03.801Z,2025-03-11T00:00:00.000+03:00,stephen_owino,000258,J2-9-1-Out,no,,uuid:c3af6821-7054-47fe-b7fa-1bf423badb39,uuid:c3af6821-7054-47fe-b7fa-1bf423badb39,519,ckmr-team-member,0,0,,,collect:Fb2Iw2jh93cwJatm
2025-03-11T07:22:51.924Z,2025-03-11T00:00:00.000+03:00,alphonse_omondi,000260,C2-9-2-in,yes,,uuid:6ee8c3c1-bf2f-4544-acb3-0cc84ee9ecef,uuid:6ee8c3c1-bf2f-4544-acb3-0cc84ee9ecef,519,ckmr-team-member,0,0,,,collect:tny35BpAWyt5yEb0
2025-03-11T07:22:18.233Z,2025-03-11T00:00:00.000+03:00,stephen_owino,000265,C2-9-5-Out,no,,uuid:8fc4b2cd-f240-4b60-986c-0f61f5fc1151,uuid:8fc4b2cd-f240-4b60-986c-0f61f5fc1151,519,ckmr-team-member,0,0,,,collect:Fb2Iw2jh93cwJatm
2025-03-11T07:21:02.410Z,2025-03-11T00:00:00.000+03:00,stephen_owino,000266,C2-9-5-In,no,,uuid:46dc8f90-57a1-4a66-8e65-31b8970983e3,uuid:46dc8f90-57a1-4a66-8e65-31b8970983e3,519,ckmr-team-member,0,0,,,collect:Fb2Iw2jh93cwJatm
2025-03-11T07:20:06.120Z,2025-03-11T00:00:00.000+03:00,stephen_owino,000262,J2-9-4-In,no,,uuid:1bc047ce-e710-4dca-9e40-f92269e49fe9,uuid:1bc047ce-e710-4dca-9e40-f92269e49fe9,519,ckmr-team-member,0,0,,,collect:Fb2Iw2jh93cwJatm
2025-03-11T07:19:12.625Z,2025-03-11T00:00:00.000+03:00,stephen_owino,000267,J2-9-4-Out,yes,,uuid:908a7c03-befa-4866-be7e-9ab35eb7ca7d,uuid:908a7c03-befa-4866-be7e-9ab35eb7ca7d,519,ckmr-team-member,0,0,,,collect:Fb2Iw2jh93cwJatm
2025-03-11T07:16:16.824Z,2025-03-11T00:00:00.000+03:00,stephen_owino,000259,C2-9-2-Out,no,,uuid:ca204fb5-1650-4c66-a031-090f61814575,uuid:ca204fb5-1650-4c66-a031-090f61814575,519,ckmr-team-member,0,0,,,collect:Fb2Iw2jh93cwJatm
2025-03-07T08:16:09.152Z,2025-03-07T00:00:00.000+03:00,calvince_walloh,000226,A3-8-1-In,yes,,uuid:717967fe-61f7-4c61-b93c-b2b8d5236afd,uuid:717967fe-61f7-4c61-b93c-b2b8d5236afd,519,ckmr-team-member,0,0,,,collect:tny35BpAWyt5yEb0
2025-03-07T08:04:23.037Z,2025-03-07T00:00:00.000+03:00,stephen_owino,000211,S3-8-4-In,yes,,uuid:96da16c5-7703-4a88-bcac-ad9328e88d8d,uuid:96da16c5-7703-4a88-bcac-ad9328e88d8d,519,ckmr-team-member,0,0,,,collect:kcC8bfCjw04TiIMa
2025-03-07T08:02:16.290Z,2025-03-07T00:00:00.000+03:00,calvince_walloh,000233,S1-8-5-Out,no,,uuid:c99f07cc-ca16-42cc-b0db-594134bda171,uuid:c99f07cc-ca16-42cc-b0db-594134bda171,519,ckmr-team-member,0,0,,,collect:tny35BpAWyt5yEb0
2025-03-07T08:00:11.899Z,2025-03-07T00:00:00.000+03:00,stephen_owino,000231,S1-8-4-Out,no,,uuid:ec0608b7-8981-4fd8-8613-7129cf769c42,uuid:ec0608b7-8981-4fd8-8613-7129cf769c42,519,ckmr-team-member,0,0,,,collect:kcC8bfCjw04TiIMa
2025-03-07T07:59:26.134Z,2025-03-07T00:00:00.000+03:00,stephen_owino,000228,S3-8-5-In,yes,,uuid:e37184a4-aad9-4553-959a-3690496d7b6c,uuid:e37184a4-aad9-4553-959a-3690496d7b6c,519,ckmr-team-member,0,0,,,collect:kcC8bfCjw04TiIMa
2025-03-07T07:54:49.729Z,2025-03-07T00:00:00.000+03:00,stephen_owino,000227,A3-8-1-Out,yes,,uuid:1ef10acb-40f3-4d90-8f1f-4dc04258064a,uuid:1ef10acb-40f3-4d90-8f1f-4dc04258064a,519,ckmr-team-member,0,0,,,collect:kcC8bfCjw04TiIMa
2025-03-07T07:52:46.381Z,2025-03-07T00:00:00.000+03:00,stephen_owino,000217,C2-8-4-In,no,,uuid:5e22e8d6-8c24-4584-9480-694a1e47099c,uuid:5e22e8d6-8c24-4584-9480-694a1e47099c,519,ckmr-team-member,0,0,,,collect:kcC8bfCjw04TiIMa
2025-03-07T07:51:43.791Z,2025-03-07T00:00:00.000+03:00,stephen_owino,000237,C3-8-2-In,yes,,uuid:13f9d7c5-7dd0-4c5a-87f9-7aab72391ea8,uuid:13f9d7c5-7dd0-4c5a-87f9-7aab72391ea8,519,ckmr-team-member,0,0,,,collect:kcC8bfCjw04TiIMa
2025-03-07T07:50:02.073Z,2025-03-07T00:00:00.000+03:00,calvince_walloh,000221,C2-8-5-In,no,,uuid:1fb88c92-936d-4603-8337-249e2dd0056e,uuid:1fb88c92-936d-4603-8337-249e2dd0056e,519,ckmr-team-member,0,0,,,collect:tny35BpAWyt5yEb0
2025-03-07T07:49:18.149Z,2025-03-07T00:00:00.000+03:00,calvince_walloh,000230,S1-8-4-In,yes,,uuid:9d337e8c-14c3-49f0-a32e-dd8cd7abef81,uuid:9d337e8c-14c3-49f0-a32e-dd8cd7abef81,519,ckmr-team-member,0,0,,,collect:tny35BpAWyt5yEb0
2025-03-07T07:48:25.845Z,2025-03-07T00:00:00.000+03:00,stephen_owino,000235,C3-8-3-Out,yes,,uuid:a9652dc0-602d-406b-b4ee-b51d899f82aa,uuid:a9652dc0-602d-406b-b4ee-b51d899f82aa,519,ckmr-team-member,0,0,,,collect:kcC8bfCjw04TiIMa
2025-03-07T07:47:05.385Z,2025-03-07T00:00:00.000+03:00,stephen_owino,000218,A2-8-1-In,yes,,uuid:ffb6b41d-f381-4f75-a849-2dc2add98825,uuid:ffb6b41d-f381-4f75-a849-2dc2add98825,519,ckmr-team-member,0,0,,,collect:kcC8bfCjw04TiIMa
2025-03-07T07:46:12.892Z,2025-03-07T00:00:00.000+03:00,stephen_owino,000219,A2-8-1-Out,no,,uuid:acd84a60-9fc7-470f-bebd-0181cf1e2d07,uuid:acd84a60-9fc7-470f-bebd-0181cf1e2d07,519,ckmr-team-member,0,0,,,collect:kcC8bfCjw04TiIMa
2025-03-07T07:45:23.440Z,2025-03-07T00:00:00.000+03:00,stephen_owino,000241,C1-8-2-Out,no,,uuid:f2594b44-664d-45ee-9386-83120af41ed9,uuid:f2594b44-664d-45ee-9386-83120af41ed9,519,ckmr-team-member,0,0,,,collect:kcC8bfCjw04TiIMa
2025-03-07T07:44:40.214Z,2025-03-07T00:00:00.000+03:00,stephen_owino,000243,C1-8-3-In,yes,,uuid:dfb2f786-d078-42f6-b1ef-caa87dd1ddae,uuid:dfb2f786-d078-42f6-b1ef-caa87dd1ddae,519,ckmr-team-member,0,0,,,collect:kcC8bfCjw04TiIMa
2025-03-07T07:43:45.355Z,2025-03-07T00:00:00.000+03:00,stephen_owino,000229,S3-8-5-Out,no,,uuid:5f65d68a-148a-487a-a579-f7a92f07a568,uuid:5f65d68a-148a-487a-a579-f7a92f07a568,519,ckmr-team-member,0,0,,,collect:kcC8bfCjw04TiIMa
2025-03-07T07:43:13.355Z,2025-03-07T00:00:00.000+03:00,stephen_owino,000236,C3-8-3-In,yes,,uuid:55ce01d5-9199-4720-86ca-41c81a0729ec,uuid:55ce01d5-9199-4720-86ca-41c81a0729ec,519,ckmr-team-member,0,0,,,collect:kcC8bfCjw04TiIMa
2025-03-07T07:36:08.059Z,2025-03-07T00:00:00.000+03:00,stephen_owino,000212,S2-8-3-Out,no,,uuid:436c5dcf-63bd-4409-ba77-31b15531e0ca,uuid:436c5dcf-63bd-4409-ba77-31b15531e0ca,519,ckmr-team-member,0,0,,,collect:Fb2Iw2jh93cwJatm
2025-03-07T07:35:22.271Z,2025-03-07T00:00:00.000+03:00,calvince_walloh,000214,S2-8-2-Out,no,,uuid:210a0dd7-b600-4ca7-9609-6d5690e5d20e,uuid:210a0dd7-b600-4ca7-9609-6d5690e5d20e,519,ckmr-team-member,0,0,,,collect:tny35BpAWyt5yEb0
2025-03-07T07:31:54.062Z,2025-03-07T00:00:00.000+03:00,calvince_walloh,000213,S2-8-3-In,yes,,uuid:48f060f6-d42f-4dfe-bbf3-5f12b4a3885f,uuid:48f060f6-d42f-4dfe-bbf3-5f12b4a3885f,519,ckmr-team-member,0,0,,,collect:tny35BpAWyt5yEb0
2025-03-07T07:29:17.877Z,2025-03-07T00:00:00.000+03:00,stephen_owino,000239,A1-8-1-Out,yes,,uuid:d5dbb33e-f4bb-4a59-b818-e2f0e8f7781e,uuid:d5dbb33e-f4bb-4a59-b818-e2f0e8f7781e,519,ckmr-team-member,0,0,,,collect:kcC8bfCjw04TiIMa
2025-03-07T07:28:19.865Z,2025-03-07T00:00:00.000+03:00,calvince_walloh,000210,S3-8-4Out,no,,uuid:62f770f9-cba5-43d5-a8cd-4341949b946c,uuid:62f770f9-cba5-43d5-a8cd-4341949b946c,519,ckmr-team-member,0,0,,,collect:tny35BpAWyt5yEb0
2025-03-07T07:26:09.694Z,2025-03-07T00:00:00.000+03:00,calvince_walloh,000240,A1-8-1-In,yes,,uuid:61745881-b1d6-475b-b0fc-9b7226782042,uuid:61745881-b1d6-475b-b0fc-9b7226782042,519,ckmr-team-member,0,0,,,collect:tny35BpAWyt5yEb0
2025-03-07T07:24:49.313Z,2025-03-07T00:00:00.000+03:00,stephen_owino,000220,C2-8-5-Out,yes,,uuid:c703bcc8-2d6e-4045-9c8c-c24e056c430f,uuid:c703bcc8-2d6e-4045-9c8c-c24e056c430f,519,ckmr-team-member,0,0,,,collect:kcC8bfCjw04TiIMa
2025-03-07T07:22:37.144Z,2025-03-07T00:00:00.000+03:00,stephen_owino,000244,C1-8-3-Out,no,,uuid:aa807c66-936a-42da-b3bf-2f78b7b479cc,uuid:aa807c66-936a-42da-b3bf-2f78b7b479cc,519,ckmr-team-member,0,0,,,collect:kcC8bfCjw04TiIMa
2025-03-07T07:21:59.064Z,2025-03-07T00:00:00.000+03:00,stephen_owino,000216,C2-8-4-Out,yes,,uuid:27fd75a8-7aff-4474-aa81-30ca9fc0fabe,uuid:27fd75a8-7aff-4474-aa81-30ca9fc0fabe,519,ckmr-team-member,0,0,,,collect:kcC8bfCjw04TiIMa
2025-03-07T07:20:31.997Z,2025-03-07T00:00:00.000+03:00,calvince_walloh,000232,S1-8-5-In,yes,,uuid:eff2da4f-d51d-4625-b6f9-acbc5a3ea298,uuid:eff2da4f-d51d-4625-b6f9-acbc5a3ea298,519,ckmr-team-member,0,0,,,collect:tny35BpAWyt5yEb0
2025-03-07T07:17:58.437Z,2025-03-07T00:00:00.000+03:00,calvince_walloh,000242,C1-8-2-In,yes,,uuid:1709310f-2f79-4e10-8a58-3ad2c69b9e03,uuid:1709310f-2f79-4e10-8a58-3ad2c69b9e03,519,ckmr-team-member,0,0,,,collect:tny35BpAWyt5yEb0
2025-03-07T07:16:11.568Z,2025-03-07T00:00:00.000+03:00,stephen_owino,000215,S2-8-2-In,yes,,uuid:9e445942-a2b6-4669-a796-1a08e247341e,uuid:9e445942-a2b6-4669-a796-1a08e247341e,519,ckmr-team-member,0,0,,,collect:kcC8bfCjw04TiIMa
2025-03-07T07:14:54.102Z,2025-03-07T00:00:00.000+03:00,stephen_owino,000238,C3-8-2-Out,yes,,uuid:5c134dae-1ce4-493f-b1d4-ae0ac8a02574,uuid:5c134dae-1ce4-493f-b1d4-ae0ac8a02574,519,ckmr-team-member,0,0,,,collect:kcC8bfCjw04TiIMa
2025-03-06T08:30:49.352Z,2025-03-06T00:00:00.000+03:00,stephen_owino,000184,S3-7-3-In,yes,,uuid:d7b5aa80-b5fa-44f9-8d96-c3115ed17afb,uuid:d7b5aa80-b5fa-44f9-8d96-c3115ed17afb,519,ckmr-team-member,0,0,,,collect:tny35BpAWyt5yEb0
2025-03-06T08:29:10.362Z,2025-03-06T00:00:00.000+03:00,stephen_owino,000186,S3-7-2-In,yes,,uuid:d4b533f8-4dbc-45e7-b5dd-37c2e7b4e331,uuid:d4b533f8-4dbc-45e7-b5dd-37c2e7b4e331,519,ckmr-team-member,0,0,,,collect:tny35BpAWyt5yEb0
2025-03-06T08:28:34.267Z,2025-03-06T00:00:00.000+03:00,calvince_walloh,000188,S3-7-1-In,yes,,uuid:19737e53-d9b4-486b-a709-05728367566f,uuid:19737e53-d9b4-486b-a709-05728367566f,519,ckmr-team-member,0,0,,,collect:Oj5MouwoCQBxuELe
2025-03-06T08:27:09.182Z,2025-03-06T00:00:00.000+03:00,alphonse_omondi,000208,C2-7-5-out,yes,,uuid:5e5566c9-5bc4-4c5a-a9b5-a44e5676f690,uuid:5e5566c9-5bc4-4c5a-a9b5-a44e5676f690,519,ckmr-team-member,0,0,,,collect:kcC8bfCjw04TiIMa
2025-03-06T08:22:34.511Z,2025-03-06T00:00:00.000+03:00,stephen_owino,000181,S3-7-4-Out,no,,uuid:f9c112c8-994f-41a4-8bb1-b8b3f62729d2,uuid:f9c112c8-994f-41a4-8bb1-b8b3f62729d2,519,ckmr-team-member,0,0,,,collect:tny35BpAWyt5yEb0
2025-03-06T08:21:52.147Z,2025-03-06T00:00:00.000+03:00,stephen_owino,000183,S3-7-3-Out,yes,,uuid:6f8e04fe-ecd7-45bf-8b1f-8494d070cd24,uuid:6f8e04fe-ecd7-45bf-8b1f-8494d070cd24,519,ckmr-team-member,0,0,,,collect:tny35BpAWyt5yEb0
2025-03-06T08:21:21.039Z,2025-03-06T00:00:00.000+03:00,calvince_walloh,000180,S3-7-5-In,yes,,uuid:7939c622-c39c-4792-9600-cae60dbb4d48,uuid:7939c622-c39c-4792-9600-cae60dbb4d48,519,ckmr-team-member,0,0,,,collect:Oj5MouwoCQBxuELe
2025-03-06T08:20:21.577Z,2025-03-06T00:00:00.000+03:00,alphonse_omondi,000182,S3-7-4-in,yes,,uuid:ac98340d-a8d9-4e70-b3f7-109fcdd2d4a6,uuid:ac98340d-a8d9-4e70-b3f7-109fcdd2d4a6,519,ckmr-team-member,0,0,,,collect:kcC8bfCjw04TiIMa
2025-03-06T08:16:45.924Z,2025-03-06T00:00:00.000+03:00,stephen_owino,000190,A1-7-1-Out,yes,,uuid:8cfcd57d-9624-4c10-a7e0-c316aacacb03,uuid:8cfcd57d-9624-4c10-a7e0-c316aacacb03,519,ckmr-team-member,0,0,,,collect:tny35BpAWyt5yEb0
2025-03-06T08:14:40.524Z,2025-03-06T00:00:00.000+03:00,calvince_walloh,000201,C2-7-2-In,yes,,uuid:6b2e6bd8-ffba-4489-93cd-f1b9299d1161,uuid:6b2e6bd8-ffba-4489-93cd-f1b9299d1161,519,ckmr-team-member,0,0,,,collect:Oj5MouwoCQBxuELe
2025-03-06T08:11:27.327Z,2025-03-06T00:00:00.000+03:00,stephen_owino,000198,A1-7-2-In,yes,,uuid:5588f09c-b2f7-4d96-922f-2e457e3d07b5,uuid:5588f09c-b2f7-4d96-922f-2e457e3d07b5,519,ckmr-team-member,0,0,,,collect:tny35BpAWyt5yEb0
2025-03-06T08:10:01.530Z,2025-03-06T00:00:00.000+03:00,alphonse_omondi,000206,J2-7-4-out,yes,,uuid:d5c4ab63-7985-40c4-b4ab-34f9c28a9407,uuid:d5c4ab63-7985-40c4-b4ab-34f9c28a9407,519,ckmr-team-member,0,0,,,collect:kcC8bfCjw04TiIMa
2025-03-06T08:05:27.744Z,2025-03-06T00:00:00.000+03:00,calvince_walloh,000185,S3-7-2-Out,yes,,uuid:da152cff-c951-46f2-b96b-e3733640a3a0,uuid:da152cff-c951-46f2-b96b-e3733640a3a0,519,ckmr-team-member,0,0,,,collect:Oj5MouwoCQBxuELe
2025-03-06T08:04:37.508Z,2025-03-06T00:00:00.000+03:00,stephen_owino,000200,J2-7-1-Out,yes,,uuid:73549a41-4554-4254-b8b7-3b90f68c2058,uuid:73549a41-4554-4254-b8b7-3b90f68c2058,519,ckmr-team-member,0,0,,,collect:tny35BpAWyt5yEb0
2025-03-06T08:00:07.973Z,2025-03-06T00:00:00.000+03:00,calvince_walloh,000199,J2-7-1-In,yes,,uuid:cd9a21df-9b4b-4848-8bbc-84d6f5de23ac,uuid:cd9a21df-9b4b-4848-8bbc-84d6f5de23ac,519,ckmr-team-member,0,0,,,collect:Oj5MouwoCQBxuELe
2025-03-06T07:56:24.740Z,2025-03-06T00:00:00.000+03:00,stephen_owino,000194,A1-7-4-Out,yes,,uuid:8e43b79a-9788-43c6-872f-ec433fe9e223,uuid:8e43b79a-9788-43c6-872f-ec433fe9e223,519,ckmr-team-member,0,0,,,collect:tny35BpAWyt5yEb0
2025-03-06T07:54:05.675Z,2025-03-06T00:00:00.000+03:00,alphonse_omondi,000203,J2-7-3-in,no,,uuid:d33466a2-ec80-4f58-b65d-2e1498afc8c2,uuid:d33466a2-ec80-4f58-b65d-2e1498afc8c2,519,ckmr-team-member,0,0,,,collect:kcC8bfCjw04TiIMa
2025-03-06T07:51:47.089Z,2025-03-06T00:00:00.000+03:00,alphonse_omondi,000193,A1-7-5-in,yes,,uuid:153fcff9-d182-41d8-9cef-1b83a4092ed5,uuid:153fcff9-d182-41d8-9cef-1b83a4092ed5,519,ckmr-team-member,0,0,,,collect:kcC8bfCjw04TiIMa
2025-03-06T07:47:03.663Z,2025-03-06T00:00:00.000+03:00,alphonse_omondi,000202,C2-7-2-out,yes,,uuid:0076a545-9821-4b50-8617-a73767b8643b,uuid:0076a545-9821-4b50-8617-a73767b8643b,519,ckmr-team-member,0,0,,,collect:kcC8bfCjw04TiIMa
2025-03-06T07:43:11.729Z,2025-03-06T00:00:00.000+03:00,calvince_walloh,000207,C2-7-5-In,yes,,uuid:df534c17-c7e8-4d0f-8380-3e2e6770e787,uuid:df534c17-c7e8-4d0f-8380-3e2e6770e787,519,ckmr-team-member,0,0,,,collect:Oj5MouwoCQBxuELe
2025-03-06T07:38:17.149Z,2025-03-06T00:00:00.000+03:00,alphonse_omondi,000179,S3-7-5-out,no,,uuid:56680117-7958-4938-94be-f25d05a100e4,uuid:56680117-7958-4938-94be-f25d05a100e4,519,ckmr-team-member,0,0,,,collect:kcC8bfCjw04TiIMa
2025-03-06T07:36:56.658Z,2025-03-06T00:00:00.000+03:00,alphonse_omondi,000187,S3-7-1-Out,yes,,uuid:46961d32-c91f-41f4-ac08-c8221850733d,uuid:46961d32-c91f-41f4-ac08-c8221850733d,519,ckmr-team-member,0,0,,,collect:kcC8bfCjw04TiIMa
2025-03-06T07:36:11.608Z,2025-03-06T00:00:00.000+03:00,calvince_walloh,000204,J2-7-3-Out,yes,,uuid:19263001-3b1a-414e-87ae-73e4e6af2e1f,uuid:19263001-3b1a-414e-87ae-73e4e6af2e1f,519,ckmr-team-member,0,0,,,collect:Oj5MouwoCQBxuELe
2025-03-06T07:33:13.829Z,2025-03-06T00:00:00.000+03:00,alphonse_omondi,000191,A1-7-3-in,yes,,uuid:62448218-ffaa-4c10-a229-934142164465,uuid:62448218-ffaa-4c10-a229-934142164465,519,ckmr-team-member,0,0,,,collect:kcC8bfCjw04TiIMa
2025-03-06T07:29:42.491Z,2025-03-06T00:00:00.000+03:00,calvince_walloh,000205,J2-7-4-In,yes,,uuid:232f5a26-edf8-49b5-b7b9-bd60f729a0eb,uuid:232f5a26-edf8-49b5-b7b9-bd60f729a0eb,519,ckmr-team-member,0,0,,,collect:Oj5MouwoCQBxuELe
2025-03-06T07:24:17.506Z,2025-03-06T00:00:00.000+03:00,alphonse_omondi,000192,A1-7-5-out,yes,,uuid:b25f1815-bf8a-43ad-874d-62c4946e8d2e,uuid:b25f1815-bf8a-43ad-874d-62c4946e8d2e,519,ckmr-team-member,0,0,,,collect:kcC8bfCjw04TiIMa
2025-03-06T07:21:36.649Z,2025-03-06T00:00:00.000+03:00,calvince_walloh,000196,A1-7-3-Out,yes,,uuid:17d850aa-4bf1-4e7c-9fc5-1d0a4b5b53bb,uuid:17d850aa-4bf1-4e7c-9fc5-1d0a4b5b53bb,519,ckmr-team-member,0,0,,,collect:Oj5MouwoCQBxuELe
2025-03-06T07:21:34.600Z,2025-03-06T00:00:00.000+03:00,calvince_walloh,000197,A1-7-2-Out,no,,uuid:112d984f-8ad5-44e0-af61-b19582530fa5,uuid:112d984f-8ad5-44e0-af61-b19582530fa5,519,ckmr-team-member,0,0,,,collect:Oj5MouwoCQBxuELe
2025-03-06T07:20:07.532Z,2025-03-06T00:00:00.000+03:00,alphonse_omondi,000189,A1-7-1-out,yes,,uuid:27b07624-d1d7-41b2-96f8-ea9260389112,uuid:27b07624-d1d7-41b2-96f8-ea9260389112,519,ckmr-team-member,0,0,,,collect:kcC8bfCjw04TiIMa
2025-03-06T07:14:38.743Z,2025-03-06T00:00:00.000+03:00,alphonse_omondi,000195,A1-7-4-in,yes,,uuid:bdd0e924-e15c-4047-9fb0-56642031dc23,uuid:bdd0e924-e15c-4047-9fb0-56642031dc23,519,ckmr-team-member,0,0,,,collect:kcC8bfCjw04TiIMa
2025-03-05T08:26:03.253Z,2025-03-05T00:00:00.000+03:00,alphonse_omondi,000115,C2-6-5-Out,yes,,uuid:bdf36db7-b874-4836-8791-367483dee51b,uuid:bdf36db7-b874-4836-8791-367483dee51b,519,ckmr-team-member,0,0,,,collect:tny35BpAWyt5yEb0
2025-03-05T08:20:27.567Z,2025-03-05T00:00:00.000+03:00,alphonse_omondi,000113,C2-6-4-out ,no,,uuid:7877a45d-52a1-4676-bb9a-7205ac1586a0,uuid:7877a45d-52a1-4676-bb9a-7205ac1586a0,519,ckmr-team-member,0,0,,,collect:tny35BpAWyt5yEb0
2025-03-05T08:15:09.014Z,2025-03-05T00:00:00.000+03:00,calvince_walloh,000114,C2-6-5-In,yes,,uuid:209f81ac-d909-422c-a249-7c90f550a53b,uuid:209f81ac-d909-422c-a249-7c90f550a53b,519,ckmr-team-member,0,0,,,collect:kcC8bfCjw04TiIMa
2025-03-05T08:13:43.013Z,2025-03-05T00:00:00.000+03:00,alphonse_omondi,000161,S3-6-5-out,yes,,uuid:f6143c81-2b83-4de1-a174-b7112697d7a6,uuid:f6143c81-2b83-4de1-a174-b7112697d7a6,519,ckmr-team-member,0,0,,,collect:tny35BpAWyt5yEb0
2025-03-05T08:11:39.514Z,2025-03-05T00:00:00.000+03:00,calvince_walloh,000028,C2-6-4-In,yes,,uuid:cf5f6135-3eec-40ae-ad1e-a950f8be2923,uuid:cf5f6135-3eec-40ae-ad1e-a950f8be2923,519,ckmr-team-member,0,0,,,collect:kcC8bfCjw04TiIMa
2025-03-05T08:09:56.291Z,2025-03-05T00:00:00.000+03:00,alphonse_omondi,000029,J2-6-3-in,yes,,uuid:30c38386-fdc2-4758-9f06-1850fe91993a,uuid:30c38386-fdc2-4758-9f06-1850fe91993a,519,ckmr-team-member,0,0,,,collect:tny35BpAWyt5yEb0
2025-03-05T08:06:16.941Z,2025-03-05T00:00:00.000+03:00,calvince_walloh,000162,A1-6-1-In,yes,,uuid:d92dc0f8-6d89-4eef-b86f-0ff83297a37f,uuid:d92dc0f8-6d89-4eef-b86f-0ff83297a37f,519,ckmr-team-member,0,0,,,collect:kcC8bfCjw04TiIMa
2025-03-05T08:02:54.388Z,2025-03-05T00:00:00.000+03:00,calvince_walloh,000165,A1-6-1-Out,yes,,uuid:a7e458ff-f7f4-4734-9152-8c30cb3583ea,uuid:a7e458ff-f7f4-4734-9152-8c30cb3583ea,519,ckmr-team-member,0,0,,,collect:kcC8bfCjw04TiIMa
2025-03-05T08:02:48.590Z,2025-03-05T00:00:00.000+03:00,alphonse_omondi,000156,S3-6-3-in,no,,uuid:a28b217f-70e2-4eec-8ef4-f4eeb94fd62f,uuid:a28b217f-70e2-4eec-8ef4-f4eeb94fd62f,519,ckmr-team-member,0,0,,,collect:tny35BpAWyt5yEb0
2025-03-05T08:01:18.610Z,2025-03-05T00:00:00.000+03:00,calvince_walloh,000116,J2-6-2-Out,no,,uuid:25864a69-6ba8-4644-8cd0-bfee9107aeca,uuid:25864a69-6ba8-4644-8cd0-bfee9107aeca,519,ckmr-team-member,0,0,,,collect:kcC8bfCjw04TiIMa
2025-03-05T07:59:18.901Z,2025-03-05T00:00:00.000+03:00,alphonse_omondi,000164,C2-6-1-in,yes,,uuid:0caa2917-9bba-42e3-8d2d-b57423d43f8a,uuid:0caa2917-9bba-42e3-8d2d-b57423d43f8a,519,ckmr-team-member,0,0,,,collect:tny35BpAWyt5yEb0
2025-03-05T07:58:10.519Z,2025-03-05T00:00:00.000+03:00,calvince_walloh,000163,C2-6-1-Out,no,,uuid:6f9b806d-f1ef-4723-827d-09bd0e959c30,uuid:6f9b806d-f1ef-4723-827d-09bd0e959c30,519,ckmr-team-member,0,0,,,collect:kcC8bfCjw04TiIMa
2025-03-05T07:57:12.186Z,2025-03-05T00:00:00.000+03:00,calvince_walloh,000117,J2-6-2-In,no,,uuid:d0779fa5-f4fb-4309-b17b-aeaab7017627,uuid:d0779fa5-f4fb-4309-b17b-aeaab7017627,519,ckmr-team-member,0,0,,,collect:kcC8bfCjw04TiIMa
2025-03-05T07:56:18.219Z,2025-03-05T00:00:00.000+03:00,calvince_walloh,000027,J2-6-3-Out,yes,,uuid:0226b5df-cbc7-467c-bc34-9c81bc6a127c,uuid:0226b5df-cbc7-467c-bc34-9c81bc6a127c,519,ckmr-team-member,0,0,,,collect:kcC8bfCjw04TiIMa
2025-03-05T07:55:19.702Z,2025-03-05T00:00:00.000+03:00,alphonse_omondi,000155,S3-6-2-out,no,,uuid:86338d20-3390-4c89-bd47-d37b2a725662,uuid:86338d20-3390-4c89-bd47-d37b2a725662,519,ckmr-team-member,0,0,,,collect:tny35BpAWyt5yEb0
2025-03-05T07:54:11.618Z,2025-03-05T00:00:00.000+03:00,alphonse_omondi,000159,S3-6-4-out,yes,,uuid:24af24a7-e1c0-449b-a0d9-97b913e53c77,uuid:24af24a7-e1c0-449b-a0d9-97b913e53c77,519,ckmr-team-member,0,0,,,collect:tny35BpAWyt5yEb0
2025-03-05T07:53:54.275Z,2025-03-05T00:00:00.000+03:00,calvince_walloh,000166,A1-6-2-Out,yes,,uuid:d29564ed-80b7-4a22-8f71-af900a42f0f7,uuid:d29564ed-80b7-4a22-8f71-af900a42f0f7,519,ckmr-team-member,0,0,,,collect:kcC8bfCjw04TiIMa
2025-03-05T07:50:02.552Z,2025-03-05T00:00:00.000+03:00,calvince_walloh,000154,S3-6-2-In,yes,,uuid:abbf910a-77e7-413f-844e-485c6dec8742,uuid:abbf910a-77e7-413f-844e-485c6dec8742,519,ckmr-team-member,0,0,,,collect:kcC8bfCjw04TiIMa
2025-03-05T07:49:16.204Z,2025-03-05T00:00:00.000+03:00,alphonse_omondi,000153,S3-6-1-out,no,,uuid:6738c2fc-503e-49bb-9cc8-dc34aaf2a3e5,uuid:6738c2fc-503e-49bb-9cc8-dc34aaf2a3e5,519,ckmr-team-member,0,0,,,collect:tny35BpAWyt5yEb0
2025-03-05T07:44:45.722Z,2025-03-05T00:00:00.000+03:00,alphonse_omondi,000152,S3-6-1-in,yes,,uuid:f7fc822d-ea01-4327-85a5-9c734c9544c5,uuid:f7fc822d-ea01-4327-85a5-9c734c9544c5,519,ckmr-team-member,0,0,,,collect:tny35BpAWyt5yEb0
2025-03-05T07:42:00.460Z,2025-03-05T00:00:00.000+03:00,calvince_walloh,000172,A1-6-3-Out,yes,,uuid:14416dc3-8ef5-45e5-af61-9f6658cebab1,uuid:14416dc3-8ef5-45e5-af61-9f6658cebab1,519,ckmr-team-member,0,0,,,collect:kcC8bfCjw04TiIMa
2025-03-05T07:38:41.606Z,2025-03-05T00:00:00.000+03:00,alphonse_omondi,000158,S3-6-4-in,yes,,uuid:786411af-b7b6-4225-90e5-6788f3d94b69,uuid:786411af-b7b6-4225-90e5-6788f3d94b69,519,ckmr-team-member,0,0,,,collect:tny35BpAWyt5yEb0
2025-03-05T07:37:56.423Z,2025-03-05T00:00:00.000+03:00,calvince_walloh,000171,A1-6-2-In,yes,,uuid:e4e5c620-939e-4029-bea6-5704f8e345eb,uuid:e4e5c620-939e-4029-bea6-5704f8e345eb,519,ckmr-team-member,0,0,,,collect:kcC8bfCjw04TiIMa
2025-03-05T07:33:13.465Z,2025-03-05T00:00:00.000+03:00,calvince_walloh,000167,A1-6-5-In,yes,,uuid:3190f5c8-0b77-426a-8746-495a5e17fd7a,uuid:3190f5c8-0b77-426a-8746-495a5e17fd7a,519,ckmr-team-member,0,0,,,collect:kcC8bfCjw04TiIMa
2025-03-05T07:32:06.297Z,2025-03-05T00:00:00.000+03:00,calvince_walloh,000170,A1-6-5-Out,no,,uuid:9d11b42a-6019-48a7-8d6e-117391577732,uuid:9d11b42a-6019-48a7-8d6e-117391577732,519,ckmr-team-member,0,0,,,collect:kcC8bfCjw04TiIMa
2025-03-05T07:29:55.663Z,2025-03-05T00:00:00.000+03:00,alphonse_omondi,000173,A1-6-4-in,yes,,uuid:0beea8c3-4bd0-435e-bc34-42819515b8ef,uuid:0beea8c3-4bd0-435e-bc34-42819515b8ef,519,ckmr-team-member,0,0,,,collect:tny35BpAWyt5yEb0
2025-03-05T07:27:42.572Z,2025-03-05T00:00:00.000+03:00,calvince_walloh,000157,S3-6-3-Out,yes,,uuid:16675036-d4ea-4016-8860-910f50e87479,uuid:16675036-d4ea-4016-8860-910f50e87479,519,ckmr-team-member,0,0,,,collect:kcC8bfCjw04TiIMa
2025-03-05T07:22:00.456Z,2025-03-05T00:00:00.000+03:00,alphonse_omondi,000174,A1-6-4-out,no,,uuid:7a5176f9-0684-4829-a43b-815dcb15cb08,uuid:7a5176f9-0684-4829-a43b-815dcb15cb08,519,ckmr-team-member,0,0,,,collect:tny35BpAWyt5yEb0
2025-03-05T07:17:14.839Z,2025-03-05T00:00:00.000+03:00,calvince_walloh,000160,S3-6-5-In,yes,,uuid:a7185653-58d2-4c9d-82b5-3d9d0d05a26c,uuid:a7185653-58d2-4c9d-82b5-3d9d0d05a26c,519,ckmr-team-member,0,0,,,collect:kcC8bfCjw04TiIMa
2025-03-04T17:39:40.785Z,2025-03-04T00:00:00.000+03:00,alphonse_omondi,000149,C2-5-4-out,yes,,uuid:0603aa18-9a8a-44aa-8502-7ae3ed425a5a,uuid:0603aa18-9a8a-44aa-8502-7ae3ed425a5a,519,ckmr-team-member,0,0,,,collect:Oj5MouwoCQBxuELe
2025-03-04T17:39:40.214Z,2025-03-04T00:00:00.000+03:00,alphonse_omondi,000138,A1-5-2-out ,yes,,uuid:29301b76-cba1-4060-a059-a1ba6121936b,uuid:29301b76-cba1-4060-a059-a1ba6121936b,519,ckmr-team-member,0,0,,,collect:Oj5MouwoCQBxuELe
2025-03-04T17:39:39.698Z,2025-03-04T00:00:00.000+03:00,alphonse_omondi,000139,A1-5-2-in,yes,,uuid:94f94ad3-ece6-4d95-8df5-47c3240f0db5,uuid:94f94ad3-ece6-4d95-8df5-47c3240f0db5,519,ckmr-team-member,0,0,,,collect:Oj5MouwoCQBxuELe
2025-03-04T17:39:38.699Z,2025-03-04T00:00:00.000+03:00,alphonse_omondi,000151,C2-5-5-out,yes,,uuid:ee257585-7ef1-4a66-bb7b-bfc10263e22e,uuid:ee257585-7ef1-4a66-bb7b-bfc10263e22e,519,ckmr-team-member,0,0,,,collect:Oj5MouwoCQBxuELe
2025-03-04T17:39:38.147Z,2025-03-04T00:00:00.000+03:00,alphonse_omondi,000148,C2-5-4-in,no,,uuid:25b04793-d9eb-4832-a605-c82d4a3988c1,uuid:25b04793-d9eb-4832-a605-c82d4a3988c1,519,ckmr-team-member,0,0,,,collect:Oj5MouwoCQBxuELe
2025-03-04T17:39:37.121Z,2025-03-04T00:00:00.000+03:00,alphonse_omondi,000141,A1-5-1-in ,yes,,uuid:8de0e790-0548-407f-82ba-8159f280c91b,uuid:8de0e790-0548-407f-82ba-8159f280c91b,519,ckmr-team-member,0,0,,,collect:Oj5MouwoCQBxuELe
2025-03-04T17:39:35.621Z,2025-03-04T00:00:00.000+03:00,alphonse_omondi,000140,A1-5-1-out,no,,uuid:5b454e6b-4b85-40be-8bb8-5fa833a993ba,uuid:5b454e6b-4b85-40be-8bb8-5fa833a993ba,519,ckmr-team-member,0,0,,,collect:Oj5MouwoCQBxuELe
2025-03-04T08:49:14.588Z,2025-03-04T00:00:00.000+03:00,stephen_owino,000132,A1-5-5-OUT,yes,,uuid:d92f2375-55ad-480e-b54a-29679f3129f8,uuid:d92f2375-55ad-480e-b54a-29679f3129f8,519,ckmr-team-member,0,0,,,collect:kcC8bfCjw04TiIMa
2025-03-04T08:42:45.458Z,2025-03-04T00:00:00.000+03:00,stephen_owino,000130,S3-5-1-OUT,no,,uuid:f076f6c1-afc1-44a5-87f2-eb042c8ca13b,uuid:f076f6c1-afc1-44a5-87f2-eb042c8ca13b,519,ckmr-team-member,0,0,,,collect:kcC8bfCjw04TiIMa
2025-03-04T08:42:09.847Z,2025-03-04T00:00:00.000+03:00,stephen_owino,000126,S3-5-3-OUT,no,,uuid:8215b8b1-d23f-4f73-8b28-f4f4f298aa4a,uuid:8215b8b1-d23f-4f73-8b28-f4f4f298aa4a,519,ckmr-team-member,0,0,,,collect:kcC8bfCjw04TiIMa
2025-03-04T08:41:44.342Z,2025-03-04T00:00:00.000+03:00,calvince_walloh,000133,A1-5-5-In,yes,,uuid:6ad77da0-9eaf-48f3-905d-96f4c3edab8f,uuid:6ad77da0-9eaf-48f3-905d-96f4c3edab8f,519,ckmr-team-member,0,0,,,collect:tny35BpAWyt5yEb0
2025-03-04T08:41:24.031Z,2025-03-04T00:00:00.000+03:00,stephen_owino,000137,A1-5-3-IN,yes,,uuid:fa772c37-89d6-414f-9727-74b329c0c6df,uuid:fa772c37-89d6-414f-9727-74b329c0c6df,519,ckmr-team-member,0,0,,,collect:kcC8bfCjw04TiIMa
2025-03-04T08:35:13.700Z,2025-03-04T00:00:00.000+03:00,calvince_walloh,000144,J2-5-2-In,no,,uuid:c112ccb4-73ad-464d-bb2f-2d9273c8161b,uuid:c112ccb4-73ad-464d-bb2f-2d9273c8161b,519,ckmr-team-member,0,0,,,collect:tny35BpAWyt5yEb0
2025-03-04T08:34:52.731Z,2025-03-04T00:00:00.000+03:00,stephen_owino,000136,A1-5-3-OUT,yes,,uuid:07de1ef5-4a5d-4019-a840-0fba278d7b9f,uuid:07de1ef5-4a5d-4019-a840-0fba278d7b9f,519,ckmr-team-member,0,0,,,collect:kcC8bfCjw04TiIMa
2025-03-04T08:34:17.481Z,2025-03-04T00:00:00.000+03:00,calvince_walloh,000127,S3-5-3-In,yes,,uuid:bad45995-9b2c-4ffa-a6c9-db4265e7afc0,uuid:bad45995-9b2c-4ffa-a6c9-db4265e7afc0,519,ckmr-team-member,0,0,,,collect:tny35BpAWyt5yEb0
2025-03-04T08:32:08.802Z,2025-03-04T00:00:00.000+03:00,calvince_walloh,000121,S3-5-5-In,no,,uuid:d0d0d7eb-c198-482c-9eb7-b702259c03ee,uuid:d0d0d7eb-c198-482c-9eb7-b702259c03ee,519,ckmr-team-member,0,0,,,collect:tny35BpAWyt5yEb0
2025-03-04T08:31:12.468Z,2025-03-04T00:00:00.000+03:00,calvince_walloh,000129,S3-5-2-Out,no,,uuid:165e3297-38be-42af-b0ba-f8bb5662480a,uuid:165e3297-38be-42af-b0ba-f8bb5662480a,519,ckmr-team-member,0,0,,,collect:tny35BpAWyt5yEb0
2025-03-04T08:29:33.324Z,2025-03-04T00:00:00.000+03:00,calvince_walloh,000124,S3-5-4-Out,no,,uuid:0b7bf70c-f04c-41ca-b9b6-e79eca20d2de,uuid:0b7bf70c-f04c-41ca-b9b6-e79eca20d2de,519,ckmr-team-member,0,0,,,collect:tny35BpAWyt5yEb0
2025-03-04T08:28:47.688Z,2025-03-04T00:00:00.000+03:00,calvince_walloh,000128,S3-5-2-In,no,,uuid:9a64d536-d533-41a5-a547-823e9cddd6b3,uuid:9a64d536-d533-41a5-a547-823e9cddd6b3,519,ckmr-team-member,0,0,,,collect:tny35BpAWyt5yEb0
2025-03-04T08:27:44.476Z,2025-03-04T00:00:00.000+03:00,stephen_owino,000143,C2-5-1-OUT,no,,uuid:ac5b6fff-29ce-4146-9a45-d6b73443ace9,uuid:ac5b6fff-29ce-4146-9a45-d6b73443ace9,519,ckmr-team-member,0,0,,,collect:kcC8bfCjw04TiIMa
2025-03-04T08:26:44.545Z,2025-03-04T00:00:00.000+03:00,stephen_owino,000150,C2-5-5-IN,no,,uuid:49b93ec8-3ebd-4864-93f8-b87fd93015ba,uuid:49b93ec8-3ebd-4864-93f8-b87fd93015ba,519,ckmr-team-member,0,0,,,collect:kcC8bfCjw04TiIMa
2025-03-04T08:26:19.561Z,2025-03-04T00:00:00.000+03:00,calvince_walloh,000122,S3-5-5-Out,no,,uuid:ef7c209d-b32f-4c7a-877a-33e9078a12ab,uuid:ef7c209d-b32f-4c7a-877a-33e9078a12ab,519,ckmr-team-member,0,0,,,collect:tny35BpAWyt5yEb0
2025-03-04T08:25:13.487Z,2025-03-04T00:00:00.000+03:00,calvince_walloh,000131,S3-5-1-In,yes,,uuid:6a10bb80-c240-4965-bb96-fc39450b72cc,uuid:6a10bb80-c240-4965-bb96-fc39450b72cc,519,ckmr-team-member,0,0,,,collect:tny35BpAWyt5yEb0
2025-03-04T08:24:00.674Z,2025-03-04T00:00:00.000+03:00,stephen_owino,000125,S3-5-4-IN,no,,uuid:07578161-24ff-46b0-a3e7-3922637133eb,uuid:07578161-24ff-46b0-a3e7-3922637133eb,519,ckmr-team-member,0,0,,,collect:kcC8bfCjw04TiIMa
2025-03-04T08:23:24.467Z,2025-03-04T00:00:00.000+03:00,calvince_walloh,000146,C2-5-3-In,no,,uuid:0923986c-3582-4f1d-a930-5ae42a3efe54,uuid:0923986c-3582-4f1d-a930-5ae42a3efe54,519,ckmr-team-member,0,0,,,collect:tny35BpAWyt5yEb0
2025-03-04T08:22:41.290Z,2025-03-04T00:00:00.000+03:00,calvince_walloh,000134,A1-5-4-Out,no,,uuid:3b14c1dd-e719-49aa-84ee-f62dbdd72cbe,uuid:3b14c1dd-e719-49aa-84ee-f62dbdd72cbe,519,ckmr-team-member,0,0,,,collect:tny35BpAWyt5yEb0
2025-03-04T08:22:21.723Z,2025-03-04T00:00:00.000+03:00,stephen_owino,000147,C2-5-3-OUT,yes,,uuid:4eea7e04-7435-4f45-b41f-2e46193f4790,uuid:4eea7e04-7435-4f45-b41f-2e46193f4790,519,ckmr-team-member,0,0,,,collect:kcC8bfCjw04TiIMa
2025-03-04T08:21:52.684Z,2025-03-04T00:00:00.000+03:00,calvince_walloh,000135,A1-5-4-In,yes,,uuid:c5ea0907-1956-4db4-a3fa-3cf53a570a66,uuid:c5ea0907-1956-4db4-a3fa-3cf53a570a66,519,ckmr-team-member,0,0,,,collect:tny35BpAWyt5yEb0
2025-03-04T08:17:52.027Z,2025-03-04T00:00:00.000+03:00,stephen_owino,000145,J2-5-2-OUT,no,,uuid:675af1db-96eb-45db-a991-3d0ce2d391f9,uuid:675af1db-96eb-45db-a991-3d0ce2d391f9,519,ckmr-team-member,0,0,,,collect:kcC8bfCjw04TiIMa
2025-03-04T08:15:48.505Z,2025-03-04T00:00:00.000+03:00,stephen_owino,000142,C2-5-1-IN,yes,,uuid:254ff88c-ece3-45d1-ae88-83f988a5fc4f,uuid:254ff88c-ece3-45d1-ae88-83f988a5fc4f,519,ckmr-team-member,0,0,,,collect:kcC8bfCjw04TiIMa
2025-02-28T09:36:55.977Z,2025-02-28T00:00:00.000+03:00,laban_adero,000056,C2-4-5-OUT,yes,,uuid:56161f15-351b-4b00-a69e-5653377793c6,uuid:56161f15-351b-4b00-a69e-5653377793c6,519,ckmr-team-member,0,0,,,collect:kcC8bfCjw04TiIMa
2025-02-28T07:59:22.212Z,2025-02-28T00:00:00.000+03:00,victoria_nguyai,000119,S3-4-3-In,yes,,uuid:738c2579-45b9-415c-bb62-72eea07f70fb,uuid:738c2579-45b9-415c-bb62-72eea07f70fb,519,ckmr-team-member,0,0,,,collect:Oj5MouwoCQBxuELe
2025-02-28T07:52:50.087Z,2025-02-28T00:00:00.000+03:00,victoria_nguyai,000109,C2-4-4-In,yes,,uuid:de00f1b1-e5ad-4163-90d9-bc709cd955a0,uuid:de00f1b1-e5ad-4163-90d9-bc709cd955a0,519,ckmr-team-member,0,0,,,collect:Oj5MouwoCQBxuELe
2025-02-28T07:52:26.906Z,2025-02-28T00:00:00.000+03:00,laban_adero,000095,A1-4-5-IN,yes,,uuid:3bcb6b0a-a7e0-4bb2-b7b9-964380c12487,uuid:3bcb6b0a-a7e0-4bb2-b7b9-964380c12487,519,ckmr-team-member,0,0,,,collect:Fb2Iw2jh93cwJatm
2025-02-28T07:51:19.976Z,2025-02-28T00:00:00.000+03:00,julius_ochieng,000111,L3-4-4-OUT,yes,,uuid:99f65c8e-d05a-4cc8-b83a-272e23c1a5a5,uuid:99f65c8e-d05a-4cc8-b83a-272e23c1a5a5,519,ckmr-team-member,0,0,,,collect:Fb2Iw2jh93cwJatm
2025-02-28T07:49:48.026Z,2025-02-28T00:00:00.000+03:00,julius_ochieng,000039,L3-4-2-IN,yes,,uuid:9bb1ad58-4eb8-4e6a-945a-08e8791fc276,uuid:9bb1ad58-4eb8-4e6a-945a-08e8791fc276,519,ckmr-team-member,0,0,,,collect:Fb2Iw2jh93cwJatm
2025-02-28T07:47:20.521Z,2025-02-28T00:00:00.000+03:00,victoria_nguyai,000099,V1-4-1-Out,yes,,uuid:80e8ceca-03af-4ea9-93a2-164b4d9bd6a2,uuid:80e8ceca-03af-4ea9-93a2-164b4d9bd6a2,519,ckmr-team-member,0,0,,,collect:Oj5MouwoCQBxuELe
2025-02-28T07:46:26.425Z,2025-02-28T00:00:00.000+03:00,laban_adero,000098,A1-4-4-IN,yes,,uuid:e8ecfdba-5661-453f-ade5-ab80b1f8b239,uuid:e8ecfdba-5661-453f-ade5-ab80b1f8b239,519,ckmr-team-member,0,0,,,collect:Fb2Iw2jh93cwJatm
2025-02-28T07:45:30.267Z,2025-02-28T00:00:00.000+03:00,laban_adero,000097,A1-4-4-OUT,yes,,uuid:e37ae120-a293-4f06-b02d-c923f4b2b763,uuid:e37ae120-a293-4f06-b02d-c923f4b2b763,519,ckmr-team-member,0,0,,,collect:Fb2Iw2jh93cwJatm
2025-02-28T07:45:07.836Z,2025-02-28T00:00:00.000+03:00,victoria_nguyai,000063,S3-4-1-In,yes,,uuid:923654db-0ec8-4978-809a-823596bfda8e,uuid:923654db-0ec8-4978-809a-823596bfda8e,519,ckmr-team-member,0,0,,,collect:Oj5MouwoCQBxuELe
2025-02-28T07:44:26.691Z,2025-02-28T00:00:00.000+03:00,laban_adero,000091,V1-4-2-IN,yes,,uuid:dec07f51-c31f-40de-a746-4d8fa8e6b55a,uuid:dec07f51-c31f-40de-a746-4d8fa8e6b55a,519,ckmr-team-member,0,0,,,collect:Fb2Iw2jh93cwJatm
2025-02-28T07:43:04.951Z,2025-02-28T00:00:00.000+03:00,laban_adero,000094,V1-4-3-OUT,no,,uuid:7f89d5f8-e307-45ac-8d30-6936f02e25c9,uuid:7f89d5f8-e307-45ac-8d30-6936f02e25c9,519,ckmr-team-member,0,0,,,collect:Fb2Iw2jh93cwJatm
2025-02-28T07:42:14.567Z,2025-02-28T00:00:00.000+03:00,laban_adero,000093,V1-4-3-IN,yes,,uuid:c9a66246-9eae-4527-af86-70a2f3d4b122,uuid:c9a66246-9eae-4527-af86-70a2f3d4b122,519,ckmr-team-member,0,0,,,collect:Fb2Iw2jh93cwJatm
2025-02-28T07:39:16.346Z,2025-02-28T00:00:00.000+03:00,laban_adero,000038,L3-4-2-OUT,yes,,uuid:f5f61558-3648-420d-8066-834856091165,uuid:f5f61558-3648-420d-8066-834856091165,519,ckmr-team-member,0,0,,,collect:Fb2Iw2jh93cwJatm
2025-02-28T07:36:52.265Z,2025-02-28T00:00:00.000+03:00,julius_ochieng,000092,V1-4-2-Out,no,,uuid:0e508c12-8106-4b00-be40-f3a9ff040ec4,uuid:0e508c12-8106-4b00-be40-f3a9ff040ec4,519,ckmr-team-member,0,0,,,collect:Oj5MouwoCQBxuELe
2025-02-28T07:36:25.184Z,2025-02-28T00:00:00.000+03:00,laban_adero,000096,A1-4-5-OUT,no,,uuid:df7fff02-bc3e-4de2-99aa-d25d010fff00,uuid:df7fff02-bc3e-4de2-99aa-d25d010fff00,519,ckmr-team-member,0,0,,,collect:Fb2Iw2jh93cwJatm
2025-02-28T07:36:08.555Z,2025-02-28T00:00:00.000+03:00,calvince_walloh,000090,S3-4-3-Out,yes,,uuid:30c1cbd8-9996-4c8f-9f08-d0d40263b83e,uuid:30c1cbd8-9996-4c8f-9f08-d0d40263b83e,519,ckmr-team-member,0,0,,,collect:Oj5MouwoCQBxuELe
2025-02-28T07:32:16.536Z,2025-02-28T00:00:00.000+03:00,julius_ochieng,000102,C2-4-1-In,no,,uuid:245f81f8-6254-4df4-946e-75fe7091eb8c,uuid:245f81f8-6254-4df4-946e-75fe7091eb8c,519,ckmr-team-member,0,0,,,collect:Oj5MouwoCQBxuELe
2025-02-28T07:31:28.660Z,2025-02-28T00:00:00.000+03:00,calvince_walloh,000108,C2-4-4-Out,no,,uuid:d1efacfd-74ba-4485-a639-f8d007a88d2b,uuid:d1efacfd-74ba-4485-a639-f8d007a88d2b,519,ckmr-team-member,0,0,,,collect:Oj5MouwoCQBxuELe
2025-02-28T07:29:02.056Z,2025-02-28T00:00:00.000+03:00,victoria_nguyai,000107,C2-4-5-In,yes,,uuid:1eac35bd-8717-43e9-8dbc-2c055d67418d,uuid:1eac35bd-8717-43e9-8dbc-2c055d67418d,519,ckmr-team-member,0,0,,,collect:Oj5MouwoCQBxuELe
2025-02-28T07:27:29.554Z,2025-02-28T00:00:00.000+03:00,calvince_walloh,000104,J2-4-2-Out,yes,,uuid:12acab89-9fe5-49de-8e1f-a11e0a9c3de8,uuid:12acab89-9fe5-49de-8e1f-a11e0a9c3de8,519,ckmr-team-member,0,0,,,collect:Oj5MouwoCQBxuELe
2025-02-28T07:23:25.219Z,2025-02-28T00:00:00.000+03:00,laban_adero,000103,J2-4-2-IN,yes,,uuid:c24e36d1-d1aa-4c5d-94df-035972e638a8,uuid:c24e36d1-d1aa-4c5d-94df-035972e638a8,519,ckmr-team-member,0,0,,,collect:Fb2Iw2jh93cwJatm
2025-02-28T07:22:39.476Z,2025-02-28T00:00:00.000+03:00,victoria_nguyai,000110,C2-4-3-Out,yes,,uuid:4c1a8d7f-82b5-46db-bc3c-38297330b90f,uuid:4c1a8d7f-82b5-46db-bc3c-38297330b90f,519,ckmr-team-member,0,0,,,collect:Oj5MouwoCQBxuELe
2025-02-28T07:20:55.289Z,2025-02-28T00:00:00.000+03:00,laban_adero,000064,S3-4-1-OUT,no,,uuid:0bcf7bc1-f3b6-4d18-8036-9e6b4431b785,uuid:0bcf7bc1-f3b6-4d18-8036-9e6b4431b785,519,ckmr-team-member,0,0,,,collect:Fb2Iw2jh93cwJatm
2025-02-28T07:20:29.351Z,2025-02-28T00:00:00.000+03:00,victoria_nguyai,000100,V1-4-1-In,yes,,uuid:9f433a63-249f-4354-8d34-89ba5c425e7a,uuid:9f433a63-249f-4354-8d34-89ba5c425e7a,519,ckmr-team-member,0,0,,,collect:Oj5MouwoCQBxuELe
2025-02-28T07:18:10.328Z,2025-02-28T00:00:00.000+03:00,laban_adero,000101,C2-4-1-OUT,yes,,uuid:7c003eff-766d-4ee2-b7c6-1fcfeafded7f,uuid:7c003eff-766d-4ee2-b7c6-1fcfeafded7f,519,ckmr-team-member,0,0,,,collect:Fb2Iw2jh93cwJatm
2025-02-28T07:16:16.703Z,2025-02-28T00:00:00.000+03:00,calvince_walloh,000118,S3-4-5-Out,no,,uuid:073d9693-4076-4659-ab17-007b9d2b435f,uuid:073d9693-4076-4659-ab17-007b9d2b435f,519,ckmr-team-member,0,0,,,collect:Oj5MouwoCQBxuELe
2025-02-28T07:15:12.651Z,2025-02-28T00:00:00.000+03:00,victoria_nguyai,000105,C2-4-3-In,yes,,uuid:bcf676db-eb48-4b06-b4d5-ece32e95d4bc,uuid:bcf676db-eb48-4b06-b4d5-ece32e95d4bc,519,ckmr-team-member,0,0,,,collect:Oj5MouwoCQBxuELe
2025-02-28T07:14:34.859Z,2025-02-28T00:00:00.000+03:00,laban_adero,000112,S3-4-5-IN,no,,uuid:c70d67c9-82ae-4097-883e-f8962e520395,uuid:c70d67c9-82ae-4097-883e-f8962e520395,519,ckmr-team-member,0,0,,,collect:Fb2Iw2jh93cwJatm
2025-02-28T07:09:02.947Z,2025-02-28T00:00:00.000+03:00,victoria_nguyai,000120,L3-4-4-IN,no,,uuid:2df975cd-3fb4-4dc6-b64f-4472576b750b,uuid:2df975cd-3fb4-4dc6-b64f-4472576b750b,519,ckmr-team-member,0,0,,,collect:Oj5MouwoCQBxuELe
2025-02-27T08:26:33.541Z,2025-02-27T00:00:00.000+03:00,calvince_walloh,000081,V1-3-4-Out,yes,,uuid:f3b7615a-e8e2-419e-b729-4313d01a2865,uuid:f3b7615a-e8e2-419e-b729-4313d01a2865,519,ckmr-team-member,0,0,,,collect:tny35BpAWyt5yEb0
2025-02-27T08:12:04.103Z,2025-02-27T00:00:00.000+03:00,stephen_owino,000077,S3-3-2 IN,yes,,uuid:df797ea4-f655-4b3f-a34d-15a7de5c8991,uuid:df797ea4-f655-4b3f-a34d-15a7de5c8991,519,ckmr-team-member,0,0,,,collect:kcC8bfCjw04TiIMa
2025-02-27T07:52:34.886Z,2025-02-27T00:00:00.000+03:00,alphonse_omondi,000069,J2-3-3,yes,,uuid:aa7cca81-b9d1-4234-a807-a7a013745d55,uuid:aa7cca81-b9d1-4234-a807-a7a013745d55,519,ckmr-team-member,0,0,,,collect:Oj5MouwoCQBxuELe
2025-02-27T07:52:01.026Z,2025-02-27T00:00:00.000+03:00,laban_adero,000086,V1-3-5 OUT,yes,,uuid:59a8ab96-903e-481d-9e8f-541aa13283f6,uuid:59a8ab96-903e-481d-9e8f-541aa13283f6,519,ckmr-team-member,0,0,,,collect:kcC8bfCjw04TiIMa
2025-02-27T07:50:45.383Z,2025-02-27T00:00:00.000+03:00,laban_adero,000089,A1-3-4 IN,yes,,uuid:83519f0a-359a-495f-affe-e4a2c3780e26,uuid:83519f0a-359a-495f-affe-e4a2c3780e26,519,ckmr-team-member,0,0,,,collect:kcC8bfCjw04TiIMa
2025-02-27T07:45:13.523Z,2025-02-27T00:00:00.000+03:00,victoria_nguyai,000059,C2-3-1-Out,no,,uuid:9a867857-cada-45bb-94fb-af4416a6164d,uuid:9a867857-cada-45bb-94fb-af4416a6164d,519,ckmr-team-member,0,0,,,collect:tny35BpAWyt5yEb0
2025-02-27T07:41:07.719Z,2025-02-27T00:00:00.000+03:00,calvince_walloh,000067,J2-3-2-Out,no,,uuid:d28e6f51-9e33-4468-94ff-382544c1af50,uuid:d28e6f51-9e33-4468-94ff-382544c1af50,519,ckmr-team-member,0,0,,,collect:tny35BpAWyt5yEb0
2025-02-27T07:40:20.837Z,2025-02-27T00:00:00.000+03:00,calvince_walloh,000088,A1-34-Out,yes,,uuid:63c52720-03ce-49b3-b3cd-390ec7f469fb,uuid:63c52720-03ce-49b3-b3cd-390ec7f469fb,519,ckmr-team-member,0,0,,,collect:tny35BpAWyt5yEb0
2025-02-27T07:38:32.902Z,2025-02-27T00:00:00.000+03:00,laban_adero,000068,J2-3-3 OUT,yes,,uuid:6359ddcf-57ee-4a1b-b68a-bf1543eb7809,uuid:6359ddcf-57ee-4a1b-b68a-bf1543eb7809,519,ckmr-team-member,0,0,,,collect:kcC8bfCjw04TiIMa
2025-02-27T07:36:14.171Z,2025-02-27T00:00:00.000+03:00,victoria_nguyai,000071,S3-3-5-IN,yes,,uuid:2d5c37e1-4df8-4055-85a0-d9e26d0f32cb,uuid:2d5c37e1-4df8-4055-85a0-d9e26d0f32cb,519,ckmr-team-member,0,0,,,collect:tny35BpAWyt5yEb0
2025-02-27T07:35:31.634Z,2025-02-27T00:00:00.000+03:00,stephen_owino,000061,C2-3-4 OUT,no,,uuid:e0485d03-adaa-4a65-94fe-a96722fe51ec,uuid:e0485d03-adaa-4a65-94fe-a96722fe51ec,519,ckmr-team-member,0,0,,,collect:kcC8bfCjw04TiIMa
2025-02-27T07:34:45.397Z,2025-02-27T00:00:00.000+03:00,laban_adero,000058,C2-3-1 IN,yes,,uuid:e94766e3-41fa-41e1-8db7-ec229a282f23,uuid:e94766e3-41fa-41e1-8db7-ec229a282f23,519,ckmr-team-member,0,0,,,collect:kcC8bfCjw04TiIMa
2025-02-27T07:33:32.704Z,2025-02-27T00:00:00.000+03:00,victoria_nguyai,000072,S3-3-4-OUT,yes,,uuid:8ac38743-15bc-4086-b0d3-f0fa75fa9004,uuid:8ac38743-15bc-4086-b0d3-f0fa75fa9004,519,ckmr-team-member,0,0,,,collect:tny35BpAWyt5yEb0
2025-02-27T07:33:32.216Z,2025-02-27T00:00:00.000+03:00,alphonse_omondi,000060,J-2-3-2-in,yes,,uuid:c7db4c8d-d016-4b48-98a8-34d81052fb84,uuid:c7db4c8d-d016-4b48-98a8-34d81052fb84,519,ckmr-team-member,0,0,,,collect:Oj5MouwoCQBxuELe
2025-02-27T07:30:39.771Z,2025-02-27T00:00:00.000+03:00,victoria_nguyai,000073,S3-3-4-IN,yes,,uuid:a9790e20-fce1-48eb-bd9f-471c4beb1efe,uuid:a9790e20-fce1-48eb-bd9f-471c4beb1efe,519,ckmr-team-member,0,0,,,collect:tny35BpAWyt5yEb0
2025-02-27T07:28:57.109Z,2025-02-27T00:00:00.000+03:00,laban_adero,000085,V1-3-3 OUT,yes,,uuid:7554bced-e6be-49aa-8dc0-a49eb6cacc34,uuid:7554bced-e6be-49aa-8dc0-a49eb6cacc34,519,ckmr-team-member,0,0,,,collect:kcC8bfCjw04TiIMa
2025-02-27T07:28:13.895Z,2025-02-27T00:00:00.000+03:00,alphonse_omondi,000080,V1-3-1-in,yes,,uuid:331dba1a-af85-4621-9d86-d08b3d0e1fbe,uuid:331dba1a-af85-4621-9d86-d08b3d0e1fbe,519,ckmr-team-member,0,0,,,collect:Oj5MouwoCQBxuELe
2025-02-27T07:26:42.805Z,2025-02-27T00:00:00.000+03:00,victoria_nguyai,000070,S3-3-5-OUT,no,,uuid:83e891a6-c48d-403d-8eb3-7d747459282c,uuid:83e891a6-c48d-403d-8eb3-7d747459282c,519,ckmr-team-member,0,0,,,collect:tny35BpAWyt5yEb0
2025-02-27T07:25:42.828Z,2025-02-27T00:00:00.000+03:00,alphonse_omondi,000084,V1-3-3-in,yes,,uuid:6944f687-a0ac-454d-a469-b35f7a5e7c1f,uuid:6944f687-a0ac-454d-a469-b35f7a5e7c1f,519,ckmr-team-member,0,0,,,collect:Oj5MouwoCQBxuELe
2025-02-27T07:25:39.926Z,2025-02-27T00:00:00.000+03:00,stephen_owino,000082,A1-3-2 IN,yes,,uuid:e94c8582-63b6-4497-8d75-b1c02d9b7e66,uuid:e94c8582-63b6-4497-8d75-b1c02d9b7e66,519,ckmr-team-member,0,0,,,collect:kcC8bfCjw04TiIMa
2025-02-27T07:25:11.706Z,2025-02-27T00:00:00.000+03:00,victoria_nguyai,000075,S3-3-3-IN,yes,,uuid:4b80a10b-78b4-4f56-aa00-d7031ad239a3,uuid:4b80a10b-78b4-4f56-aa00-d7031ad239a3,519,ckmr-team-member,0,0,,,collect:tny35BpAWyt5yEb0
2025-02-27T07:22:22.478Z,2025-02-27T00:00:00.000+03:00,victoria_nguyai,000062,C2-3-4-IN,yes,,uuid:b32c683e-f4c9-4f81-b76a-71acddba2d18,uuid:b32c683e-f4c9-4f81-b76a-71acddba2d18,519,ckmr-team-member,0,0,,,collect:tny35BpAWyt5yEb0
2025-02-27T07:19:05.049Z,2025-02-27T00:00:00.000+03:00,alphonse_omondi,000083,A1-3-2-out,no,,uuid:1770eb98-a57a-49c1-9c55-e13d8e694f36,uuid:1770eb98-a57a-49c1-9c55-e13d8e694f36,519,ckmr-team-member,0,0,,,collect:Oj5MouwoCQBxuELe
2025-02-27T07:17:51.091Z,2025-02-27T00:00:00.000+03:00,alphonse_omondi,000078,S3-3-1-out,no,,uuid:615c5d96-376a-4b7c-b317-6d84e63e780c,uuid:615c5d96-376a-4b7c-b317-6d84e63e780c,519,ckmr-team-member,0,0,,,collect:Oj5MouwoCQBxuELe
2025-02-27T07:16:51.834Z,2025-02-27T00:00:00.000+03:00,laban_adero,000066,C2-3-5 OUT,yes,,uuid:b7f0850c-8a40-4805-b3cc-196105fa1410,uuid:b7f0850c-8a40-4805-b3cc-196105fa1410,519,ckmr-team-member,0,0,,,collect:kcC8bfCjw04TiIMa
2025-02-27T07:15:52.924Z,2025-02-27T00:00:00.000+03:00,alphonse_omondi,000074,S-3-3-3-out,no,,uuid:fb94fd69-e2d2-448d-91df-d89aab80a959,uuid:fb94fd69-e2d2-448d-91df-d89aab80a959,519,ckmr-team-member,0,0,,,collect:Oj5MouwoCQBxuELe
2025-02-27T07:15:20.557Z,2025-02-27T00:00:00.000+03:00,victoria_nguyai,000065,C2-3-5-IN,no,,uuid:e3d851b3-78cc-4311-9590-7bcb1c72af9e,uuid:e3d851b3-78cc-4311-9590-7bcb1c72af9e,519,ckmr-team-member,0,0,,,collect:tny35BpAWyt5yEb0
2025-02-27T07:14:04.881Z,2025-02-27T00:00:00.000+03:00,alphonse_omondi,000087,V1-3-5-in,yes,,uuid:8269c77c-05fd-486e-8af5-d3b034aa76d3,uuid:8269c77c-05fd-486e-8af5-d3b034aa76d3,519,ckmr-team-member,0,0,,,collect:Oj5MouwoCQBxuELe
2025-02-27T07:12:14.532Z,2025-02-27T00:00:00.000+03:00,laban_adero,000079,S3-3-1-IN,yes,,uuid:3ea74974-745f-4555-a056-4523d44b297b,uuid:3ea74974-745f-4555-a056-4523d44b297b,519,ckmr-team-member,0,0,,,collect:kcC8bfCjw04TiIMa
2025-02-27T07:05:06.111Z,2025-02-27T00:00:00.000+03:00,alphonse_omondi,000076,S3-3-2-out,yes,,uuid:a9219d3d-2634-471e-8098-4c9cb955d22f,uuid:a9219d3d-2634-471e-8098-4c9cb955d22f,519,ckmr-team-member,0,0,,,collect:Oj5MouwoCQBxuELe
2025-02-26T07:56:39.395Z,2025-02-26T00:00:00.000+03:00,laban_adero,000041,A1-2-4 IN,yes,,uuid:1aaca39a-a13b-4705-9a33-ad3d33cd1e34,uuid:1aaca39a-a13b-4705-9a33-ad3d33cd1e34,519,ckmr-team-member,0,0,,,collect:kcC8bfCjw04TiIMa
2025-02-26T07:49:52.243Z,2025-02-26T00:00:00.000+03:00,alphonse_omondi,000046,A1-2-1-out,yes,,uuid:2f72aad1-040a-4fa5-8723-23b004ede175,uuid:2f72aad1-040a-4fa5-8723-23b004ede175,519,ckmr-team-member,0,0,,,collect:Oj5MouwoCQBxuELe
2025-02-26T07:49:15.660Z,2025-02-26T00:00:00.000+03:00,calvince_walloh,000042,A1-2-3-Out,no,,uuid:fdc1c52a-72f2-4bd9-ad23-142fbd42e46d,uuid:fdc1c52a-72f2-4bd9-ad23-142fbd42e46d,519,ckmr-team-member,0,0,,,collect:Fb2Iw2jh93cwJatm
2025-02-26T07:47:55.020Z,2025-02-26T00:00:00.000+03:00,calvince_walloh,000037,C2-2-1-Out,no,,uuid:14970141-a18b-43a0-9f50-3637178edefc,uuid:14970141-a18b-43a0-9f50-3637178edefc,519,ckmr-team-member,0,0,,,collect:Fb2Iw2jh93cwJatm
2025-02-26T07:46:56.623Z,2025-02-26T00:00:00.000+03:00,laban_adero,000045,A1-2-2 IN,no,,uuid:b35009e4-76e5-4412-83c3-f03f892e09bb,uuid:b35009e4-76e5-4412-83c3-f03f892e09bb,519,ckmr-team-member,0,0,,,collect:kcC8bfCjw04TiIMa
2025-02-26T07:46:10.896Z,2025-02-26T00:00:00.000+03:00,stephen_owino,000044,A1-2-2 OUT,no,,uuid:7dea9b78-b04b-4c3b-bb58-434d3bce0f56,uuid:7dea9b78-b04b-4c3b-bb58-434d3bce0f56,519,ckmr-team-member,0,0,,,collect:kcC8bfCjw04TiIMa
2025-02-26T07:46:06.914Z,2025-02-26T00:00:00.000+03:00,victoria_nguyai,000053,S3-2-3-In,yes,,uuid:6754db45-bf87-4d9b-80e8-484b5d964266,uuid:6754db45-bf87-4d9b-80e8-484b5d964266,519,ckmr-team-member,0,0,,,collect:Fb2Iw2jh93cwJatm
2025-02-26T07:44:31.495Z,2025-02-26T00:00:00.000+03:00,stephen_owino,000031,J2-2-4 OUT,yes,,uuid:62375865-bb8a-4ce1-8f83-b47884590008,uuid:62375865-bb8a-4ce1-8f83-b47884590008,519,ckmr-team-member,0,0,,,collect:kcC8bfCjw04TiIMa
2025-02-26T07:44:03.649Z,2025-02-26T00:00:00.000+03:00,alphonse_omondi,000040,A1-24-out,no,,uuid:753c70a9-ac21-4ed4-a0ec-3ac52b24d5ee,uuid:753c70a9-ac21-4ed4-a0ec-3ac52b24d5ee,519,ckmr-team-member,0,0,,,collect:Oj5MouwoCQBxuELe
2025-02-26T07:41:39.319Z,2025-02-26T00:00:00.000+03:00,alphonse_omondi,000034,C2-2-in,yes,,uuid:ebe30710-415a-4ffb-83f7-1837a4161311,uuid:ebe30710-415a-4ffb-83f7-1837a4161311,519,ckmr-team-member,0,0,,,collect:Oj5MouwoCQBxuELe
2025-02-26T07:36:34.257Z,2025-02-26T00:00:00.000+03:00,laban_adero,000043,A1-2-3-IN,yes,,uuid:e31bb0b7-45d5-431a-a0af-a0486764fa41,uuid:e31bb0b7-45d5-431a-a0af-a0486764fa41,519,ckmr-team-member,0,0,,,collect:kcC8bfCjw04TiIMa
2025-02-26T07:34:54.540Z,2025-02-26T00:00:00.000+03:00,alphonse_omondi,000033,C2-2-3-out,no,,uuid:9126ed4d-b009-4d45-b712-d2ebf10cb134,uuid:9126ed4d-b009-4d45-b712-d2ebf10cb134,519,ckmr-team-member,0,0,,,collect:Oj5MouwoCQBxuELe
2025-02-26T07:33:02.189Z,2025-02-26T00:00:00.000+03:00,laban_adero,000054,S3-2-4 OUT,yes,,uuid:a4380281-93bc-42da-8da5-f3681e9212a8,uuid:a4380281-93bc-42da-8da5-f3681e9212a8,519,ckmr-team-member,0,0,,,collect:kcC8bfCjw04TiIMa
2025-02-26T07:30:37.000Z,2025-02-26T00:00:00.000+03:00,alphonse_omondi,000048,S-3-2-1,no,,uuid:1601561a-81ff-45f8-942a-edac9c52b84b,uuid:1601561a-81ff-45f8-942a-edac9c52b84b,519,ckmr-team-member,0,0,,,collect:Oj5MouwoCQBxuELe
2025-02-26T07:27:51.910Z,2025-02-26T00:00:00.000+03:00,alphonse_omondi,000047,A1-2-1-in,yes,,uuid:e0805442-4a5a-4182-92cf-7d4bef16fda3,uuid:e0805442-4a5a-4182-92cf-7d4bef16fda3,519,ckmr-team-member,0,0,,,collect:Oj5MouwoCQBxuELe
2025-02-26T07:26:01.353Z,2025-02-26T00:00:00.000+03:00,victoria_nguyai,000049,S3-2-1-In,yes,,uuid:42f4a636-6bff-486e-a56f-5d40d949c42f,uuid:42f4a636-6bff-486e-a56f-5d40d949c42f,519,ckmr-team-member,0,0,,,collect:Fb2Iw2jh93cwJatm
2025-02-26T07:22:35.813Z,2025-02-26T00:00:00.000+03:00,calvince_walloh,000051,S3-2-2-IN,no,,uuid:b84ce094-5c01-47f4-bf51-4b807701f918,uuid:b84ce094-5c01-47f4-bf51-4b807701f918,519,ckmr-team-member,0,0,,,collect:Fb2Iw2jh93cwJatm
2025-02-26T07:22:30.711Z,2025-02-26T00:00:00.000+03:00,laban_adero,000052,S3-2-3 -OUT,yes,,uuid:a8c73029-e05c-4bca-a4f9-25b008ec71ca,uuid:a8c73029-e05c-4bca-a4f9-25b008ec71ca,519,ckmr-team-member,0,0,,,collect:kcC8bfCjw04TiIMa
2025-02-26T07:21:38.480Z,2025-02-26T00:00:00.000+03:00,victoria_nguyai,000050,S3-2-2-Out,no,,uuid:1e5c1e25-1c78-41af-9b0c-ada796e88dd2,uuid:1e5c1e25-1c78-41af-9b0c-ada796e88dd2,519,ckmr-team-member,0,0,,,collect:Fb2Iw2jh93cwJatm
2025-02-26T07:20:45.284Z,2025-02-26T00:00:00.000+03:00,calvince_walloh,000035,C2-2-2-Out,no,,uuid:ce51fc51-c02c-477d-af88-c53d35252fa0,uuid:ce51fc51-c02c-477d-af88-c53d35252fa0,519,ckmr-team-member,0,0,,,collect:Fb2Iw2jh93cwJatm
2025-02-26T07:19:27.599Z,2025-02-26T00:00:00.000+03:00,calvince_walloh,000030,J2-2-4-IN,yes,,uuid:1c5c27a3-be37-4b0b-a00f-03c7e86fe6a1,uuid:1c5c27a3-be37-4b0b-a00f-03c7e86fe6a1,519,ckmr-team-member,0,0,,,collect:Fb2Iw2jh93cwJatm
2025-02-26T07:19:10.074Z,2025-02-26T00:00:00.000+03:00,alphonse_omondi,000032,C2-2-3-in,no,,uuid:8b2feb57-de48-4b6a-8293-32b70d742138,uuid:8b2feb57-de48-4b6a-8293-32b70d742138,519,ckmr-team-member,0,0,,,collect:kcC8bfCjw04TiIMa
2025-02-26T07:18:06.399Z,2025-02-26T00:00:00.000+03:00,julius_ochieng,000036,C2-2-1-in,yes,,uuid:c97bb82a-666d-4824-a241-48fe8dc134a9,uuid:c97bb82a-666d-4824-a241-48fe8dc134a9,519,ckmr-team-member,0,0,,,collect:kcC8bfCjw04TiIMa
2025-02-26T07:10:40.094Z,2025-02-26T00:00:00.000+03:00,victoria_nguyai,000055,S3-2-4-IN,yes,,uuid:90ffaf58-a070-450a-94d9-2a8e3bb2de9c,uuid:90ffaf58-a070-450a-94d9-2a8e3bb2de9c,519,ckmr-team-member,0,0,,,collect:Fb2Iw2jh93cwJatm
2025-02-25T09:51:17.643Z,2025-02-25T00:00:00.000+03:00,victoria_nguyai,000008,V1-1-1,yes,,uuid:913934b7-3450-44f2-8414-c493dce2f5d9,uuid:913934b7-3450-44f2-8414-c493dce2f5d9,519,ckmr-team-member,0,0,,,collect:kcC8bfCjw04TiIMa
2025-02-25T09:48:15.595Z,2025-02-25T00:00:00.000+03:00,victoria_nguyai,000009,V1-1-7,yes,,uuid:cdca4d46-86bf-4735-9294-d005a974af94,uuid:cdca4d46-86bf-4735-9294-d005a974af94,519,ckmr-team-member,0,0,,,collect:kcC8bfCjw04TiIMa
2025-02-25T09:46:17.437Z,2025-02-25T00:00:00.000+03:00,victoria_nguyai,000015,J2-1-5,yes,,uuid:ebc35468-5633-43e0-b414-dc90d460559d,uuid:ebc35468-5633-43e0-b414-dc90d460559d,519,ckmr-team-member,0,0,,,collect:kcC8bfCjw04TiIMa
2025-02-25T09:44:14.008Z,2025-02-25T00:00:00.000+03:00,victoria_nguyai,000007,V1-1-2,no,,uuid:39c9f71f-1e1b-49bd-9e02-3709cb456c69,uuid:39c9f71f-1e1b-49bd-9e02-3709cb456c69,519,ckmr-team-member,0,0,,,collect:kcC8bfCjw04TiIMa
2025-02-25T09:42:54.295Z,2025-02-25T00:00:00.000+03:00,victoria_nguyai,000016,C2-1-1,yes,,uuid:062486b9-fa12-40c0-91eb-d77aeed70672,uuid:062486b9-fa12-40c0-91eb-d77aeed70672,519,ckmr-team-member,0,0,,,collect:kcC8bfCjw04TiIMa
2025-02-25T09:31:38.331Z,2025-02-25T00:00:00.000+03:00,laban_adero,000013,C2-1-2,,,uuid:fa36b484-feb8-4873-8322-ba638b78c8a3,uuid:fa36b484-feb8-4873-8322-ba638b78c8a3,519,ckmr-team-member,0,0,,,collect:tny35BpAWyt5yEb0
2025-02-25T09:30:38.145Z,2025-02-25T00:00:00.000+03:00,julius_ochieng,000012,J2-1-7,,,uuid:7333250f-6e58-413a-9073-389fa5f58cc8,uuid:7333250f-6e58-413a-9073-389fa5f58cc8,519,ckmr-team-member,0,0,,,collect:tny35BpAWyt5yEb0
2025-02-25T09:28:53.765Z,2025-02-25T00:00:00.000+03:00,julius_ochieng,000510,S3-1-8,,,uuid:623afd3b-929b-4c54-b70d-d96e12593802,uuid:623afd3b-929b-4c54-b70d-d96e12593802,519,ckmr-team-member,0,0,,,collect:tny35BpAWyt5yEb0
2025-02-25T09:27:46.928Z,2025-02-25T00:00:00.000+03:00,laban_adero,000504,I3-1-1,,,uuid:1cf42851-c2c5-41d4-9f9c-76bd3938e7bd,uuid:1cf42851-c2c5-41d4-9f9c-76bd3938e7bd,519,ckmr-team-member,0,0,,,collect:tny35BpAWyt5yEb0
2025-02-25T09:25:56.380Z,2025-02-25T00:00:00.000+03:00,julius_ochieng,000014,C2-1-6,,,uuid:bc63d6e3-19f1-4442-a6a8-5f3fc38808a3,uuid:bc63d6e3-19f1-4442-a6a8-5f3fc38808a3,519,ckmr-team-member,0,0,,,collect:tny35BpAWyt5yEb0
2025-02-25T09:25:42.613Z,2025-02-25T00:00:00.000+03:00,victoria_nguyai,000018,C2-1-8,no,,uuid:b421c366-a278-41af-bd7c-90df1e1487d3,uuid:b421c366-a278-41af-bd7c-90df1e1487d3,519,ckmr-team-member,0,0,,,collect:kcC8bfCjw04TiIMa
2025-02-25T09:24:51.794Z,2025-02-25T00:00:00.000+03:00,julius_ochieng,000501,S3-1-7,,,uuid:ccbab8e3-d142-4271-a134-98673bfd9522,uuid:ccbab8e3-d142-4271-a134-98673bfd9522,519,ckmr-team-member,0,0,,,collect:tny35BpAWyt5yEb0
2025-02-25T09:24:26.520Z,2025-02-25T00:00:00.000+03:00,victoria_nguyai,000017,J2-1-3,,,uuid:58767392-ef88-4138-8a3a-53e2a0046e7e,uuid:58767392-ef88-4138-8a3a-53e2a0046e7e,519,ckmr-team-member,0,0,,,collect:kcC8bfCjw04TiIMa
2025-02-25T09:23:22.493Z,2025-02-25T00:00:00.000+03:00,julius_ochieng,000503,I3-1-4,,,uuid:8877e4c6-408e-4f3e-b108-d406ffe91e91,uuid:8877e4c6-408e-4f3e-b108-d406ffe91e91,519,ckmr-team-member,0,0,,,collect:tny35BpAWyt5yEb0
2025-02-25T09:21:25.530Z,2025-02-25T00:00:00.000+03:00,laban_adero,000505,I3-1-3,,,uuid:b87ce939-4f57-4abc-aff0-d46f43520aac,uuid:b87ce939-4f57-4abc-aff0-d46f43520aac,519,ckmr-team-member,0,0,,,collect:tny35BpAWyt5yEb0
2025-02-25T09:19:00.670Z,2025-02-25T00:00:00.000+03:00,julius_ochieng,000506,S3-1-6,,,uuid:16ef1486-5dbc-44fb-904f-7e98943a9c47,uuid:16ef1486-5dbc-44fb-904f-7e98943a9c47,519,ckmr-team-member,0,0,,,collect:tny35BpAWyt5yEb0
2025-02-25T09:17:51.346Z,2025-02-25T00:00:00.000+03:00,victoria_nguyai,000019,C2-1-4,,,uuid:dcf05b14-b883-4c6b-8f9f-0561e7e08f72,uuid:dcf05b14-b883-4c6b-8f9f-0561e7e08f72,519,ckmr-team-member,0,0,,,collect:kcC8bfCjw04TiIMa
2025-02-25T09:16:31.643Z,2025-02-25T00:00:00.000+03:00,julius_ochieng,000502,S3-1-5,,,uuid:4625021c-3d26-48ff-a8b3-972f2a653329,uuid:4625021c-3d26-48ff-a8b3-972f2a653329,519,ckmr-team-member,0,0,,,collect:tny35BpAWyt5yEb0
2025-02-25T09:14:17.755Z,2025-02-25T00:00:00.000+03:00,laban_adero,000004,S3-1-2,,,uuid:f2872db9-91a6-471b-a574-b5231b7a5e25,uuid:f2872db9-91a6-471b-a574-b5231b7a5e25,519,ckmr-team-member,0,0,,,collect:tny35BpAWyt5yEb0
2025-02-24T11:22:03.793Z,2025-02-24T00:00:00.000+03:00,alphonse_omondi,000511,J2-,,,uuid:1e033473-6ab7-434a-a7f8-2a1246f224f8,uuid:1e033473-6ab7-434a-a7f8-2a1246f224f8,519,ckmr-team-member,0,0,,,collect:kcC8bfCjw04TiIMa
2025-02-24T11:21:47.275Z,2025-02-24T00:00:00.000+03:00,stephen_owino,000509,J2-3,,,uuid:9e9b2566-2f49-408e-94a7-004516d3c2f8,uuid:9e9b2566-2f49-408e-94a7-004516d3c2f8,519,ckmr-team-member,0,0,,,collect:Fb2Iw2jh93cwJatm
2025-02-24T11:18:54.331Z,2025-02-24T00:00:00.000+03:00,laban_adero,000513,T3,,,uuid:8ff10ea0-fba6-43b4-ab44-b03611e230d9,uuid:8ff10ea0-fba6-43b4-ab44-b03611e230d9,519,ckmr-team-member,0,0,,,collect:Oj5MouwoCQBxuELe
